report_year,report_week,district,disease,category,cases,source_pdf,uid
2010,1,Osmanabad,Acute Diarrhoeal Disease,water-borne,,1st_wk10.pdf,
2010,2,Sangli,Acute Diarrhoeal Disease,water-borne,,2nd_wk10.pdf,
2010,4,Beed,Viral fever (Dengue?),vector-borne,,4th_wk10.pdf,
2010,6,Ratnagiri,Acute Diarrhoeal Disease,water-borne,14.0,6th_wk10.pdf,
2010,7,Dhule,Malaria,vector-borne,24.0,7th_wk10.pdf,
2010,8,Ratnagiri,Dysentery,water-borne,79.0,8th_wk10.pdf,
2010,10,Sholapur,Cholera,water-borne,176.0,10th_wk10.pdf,
2010,16,Beed,Acute Diarrhoeal Disease,water-borne,29.0,16th_wk10.pdf,
2010,17,Ratnagiri,Acute Diarrhoeal Disease,water-borne,36.0,17th_wk10.pdf,
2010,18,Akola,Acute Diarrhoeal Disease,water-borne,,18th_wk10.pdf,
2010,20,Nashik,Acute Diarrhoeal Disease,water-borne,102.0,20th_wk10.pdf,
2010,23,Akola,Acute Diarrhoeal Disease,water-borne,15.0,23rd_wk10.pdf,
2010,26,Jalna,Acute Diarrhoeal Disease,water-borne,,26th_wk10.pdf,
2010,27,,Malaria,vector-borne,,27th_wk10.pdf,
2010,38,Dhule,Acute Diarrhoeal Disease,water-borne,,38th_wk10.pdf,
2010,43,Dhule,Malaria,vector-borne,,43rd_wk10.pdf,
2010,44,,Acute Diarrhoeal Disease,water-borne,76.0,44th_wk10.pdf,
2010,46,,Acute Diarrhoeal Disease,water-borne,35.0,46th_wk10.pdf,
2010,48,Ratnagiri,Viral fever? (Dengue/Chikungu nya?),vector-borne,24.0,48th_wk10.pdf,
2011,16,,Malaria?,vector-borne,,16th_wk11.pdf,
2011,20,Nashik,Chikungunya?,vector-borne,,20th_wk11.pdf,
2011,22,,xiv Acute Diarrhoeal Disease,water-borne,,22nd_wk11.pdf,
2011,23,Nashik,xxviii Acute Diarrhoeal Disease,water-borne,126.0,23rd_wk11.pdf,
2011,24,Ratnagiri,Acute Diarrhoeal Disease,water-borne,,24th_wk11.pdf,
2011,29,Raigad,xxii Cholera,water-borne,67.0,29th_wk11.pdf,
2011,31,Nashik,xxvii Dengue,vector-borne,2.0,31st_wk11.pdf,
2011,33,Akola,xvi Acute Diarrhoeal Disease,water-borne,17.0,33rd_wk11.pdf,
2011,36,Jalna,xxiii Dengue,vector-borne,20.0,36th_wk11.pdf,
2011,36,Nagpur,Fever with rash,air-borne,8.0,36th_wk15.pdf,
2011,38,Kolhapur,Malaria,vector-borne,14.0,38th_wk15.pdf,
2011,38,Nagpur,Scrub Typhus,vector-borne,4.0,38th_wk15.pdf,
2011,38,Nashik,xxii Acute Diarrhoeal Disease,water-borne,31.0,38th_wk11.pdf,
2011,38,Wardha,Malaria,vector-borne,23.0,38th_wk15.pdf,
2011,40,Osmanabad,xiv Chikungunya,vector-borne,26.0,40th_wk11.pdf,
2011,42,Osmanabad,xvii Acute Diarrhoeal Disease,water-borne,,42nd_wk11.pdf,
2011,46,Ahmednagar,xvi Dengue,vector-borne,10.0,46th_wk11.pdf,
2011,47,Gadchiroli,xvii Malaria,vector-borne,40.0,47th_wk11.pdf,
2011,48,,xv Malaria,vector-borne,16.0,48th_wk11.pdf,
2011,49,,xx Chikungunya,vector-borne,24.0,49th_wk11.pdf,
2011,50,,xii Dengue,vector-borne,,50th_wk11.pdf,
2011,50,,xiv Dengue,vector-borne,,50th_wk11.pdf,
2012,11,Beed,xvii Acute Diarrhoeal Disease,water-borne,54.0,11th_wk12.pdf,
2012,12,Amravati,xviii Viral Hepatitis E,water-borne,,12th_wk12.pdf,
2012,13,,xvii Acute Diarrhoeal Disease,water-borne,21.0,13th_wk12.pdf,
2012,18,Yavatmal,xx Acute Diarrhoeal Disease,water-borne,,18th_wk12.pdf,
2012,20,Amravati,xviii Acute Diarrhoeal Disease,water-borne,38.0,20th_wk12.pdf,
2012,23,Amravati,x Acute Diarrhoeal Disease,water-borne,26.0,23rd_wk12.pdf,
2012,23,Jalgaon,xi Acute Diarrhoeal Disease,water-borne,43.0,23rd_wk12.pdf,
2012,24,Raigad,xv Dengue,vector-borne,29.0,24th_wk12.pdf,
2012,29,Akola,xxiv Cholera,water-borne,47.0,29th_wk12.pdf,
2012,32,,xxiii Acute Diarrhoeal Disease,water-borne,69.0,32nd_wk12.pdf,
2012,34,Nandurbar,xxiii Cholera,water-borne,18.0,34th_wk12.pdf,
2012,35,Beed,xvi Chikungunya,vector-borne,13.0,35th_wk12.pdf,
2012,35,Gondia,xx Acute Diarrhoeal Disease,water-borne,172.0,35th_wk12.pdf,
2012,38,Beed,xvi Dengue,vector-borne,32.0,38th_wk12.pdf,
2012,40,Aurangabad,xii Measles,air-borne,17.0,40th_wk12.pdf,
2012,42,Aurangabad,viii Dengue,vector-borne,63.0,42nd_wk12.pdf,
2012,45,Dhule,vii Dengue,vector-borne,23.0,45th_wk12.pdf,
2012,49,Jalgaon,v Acute Diarrhoeal Disease,water-borne,15.0,49th_wk12.pdf,
2012,49,Osmanabad,vi Acute Diarrhoeal Disease,water-borne,65.0,49th_wk12.pdf,
2012,50,Nashik,xii Dengue,vector-borne,22.0,50th_wk12.pdf,
2013,2,Raigad,vi Acute Diarrhoeal Disease,water-borne,,2nd_wk13.pdf,
2013,7,Thane,Viral Hepatitis E,water-borne,11.0,7th_wk13.pdf,
2013,9,Nandurbar,xv Acute diarrhoeal disease,water-borne,,9th week 13.pdf,
2013,10,Kolhapur,?Dengue,vector-borne,,10th_wk13.pdf,
2013,11,Dhule,Acute Diarrhoeal Disease,water-borne,,11th_wk13.pdf,
2013,13,Akola,Measles,air-borne,,13th_wk13.pdf,
2013,14,Beed,xx Dengue?,vector-borne,,14th_wk13.pdf,
2013,15,Gadchiroli,Dengue?,vector-borne,,15th_wk13.pdf,
2013,19,Nanded,xxii Acute Diarrhoeal Disease,water-borne,,19th_wk13.pdf,
2013,21,Jalgaon,Acute Diarrhoeal Disease,water-borne,,21st_wk13.pdf,
2013,24,Dhule,Dengue,vector-borne,,24th_wk13.pdf,
2013,28,,xviii Acute Diarrheal Disease,water-borne,26.0,28th_wk13.pdf,
2013,29,Osmanabad,Chikungunya,vector-borne,,29th_wk13.pdf,
2013,34,Ghadchiroli,xviii Dengue,vector-borne,,34th_wk13.pdf,
2013,35,Jalgaon,xix Dengue,vector-borne,,35th_wk13.pdf,
2013,39,Nashik,Dengue,vector-borne,,39th_wk13.pdf,
2013,40,Nashik,Dengue,vector-borne,14.0,40th_wk13.pdf,
2013,42,Nandurbar,Acute Diarrhoeal Disease,water-borne,,42nd_wk13.pdf,
2013,44,Thane,Measles,air-borne,,44th_wk13.pdf,
2013,46,Nanded,Acute Diarrhoeal Disease,water-borne,,46th_wk13.pdf,
2013,50,Sangli,Cholera,water-borne,99.0,50th_wk13.pdf,
2014,1,Beed,Dengue & Chikungun ya,vector-borne,11.0,1st_wk14.pdf,
2014,2,Bhandara,Chickenpox,air-borne,14.0,2nd_wk14.pdf,
2014,4,Bhandara,Chickenpox,air-borne,10.0,4th_wk14.pdf,
2014,10,Parbhani,Acute Diarrhoeal Disease,water-borne,47.0,10th_wk14.pdf,
2014,11,Raigad,Viral Hepatitis E,water-borne,40.0,11th_wk14.pdf,
2014,16,Dhule,Dengue,vector-borne,,16th_wk14.pdf,
2014,17,Dhule,Dengue,vector-borne,14.0,17th_wk14.pdf,
2014,18,Gadchiroli,Malaria,vector-borne,,18th_wk14.pdf,
2014,19,Satara,Acute Diarrhoeal Disease,water-borne,,19th_wk14.pdf,
2014,20,Ahmednagar,Dengue?,vector-borne,,20th_wk14.pdf,
2014,22,Beed,Dengue,vector-borne,,22nd_wk14.pdf,
2014,23,Jalna,Dengue,vector-borne,28.0,23rd_wk14.pdf,
2014,24,Nagpur,Acute Diarrhoeal Disease,water-borne,14.0,24th_wk14.pdf,
2014,26,Aurangabad,Acute Diarrheal Disease,water-borne,,26th_wk14.pdf,
2014,27,Aurangabad,Acute Diarrheal Disease,water-borne,78.0,27th_wk14.pdf,
2014,28,Dhule,Acute Diarrhoeal Disease,water-borne,14.0,28th_wk14.pdf,
2014,29,Beed,Dengue,vector-borne,34.0,29th_wk14.pdf,
2014,30,Osmanabad,Acute diarrheal disease,water-borne,37.0,30th_wk14.pdf,
2014,31,,Acute Diarrhoeal Disease,water-borne,45.0,31st_wk14.pdf,
2014,32,Osmanabad,Dengue,vector-borne,10.0,32nd_wk14.pdf,
2014,33,Amravati,Dengue?,vector-borne,25.0,33rd_wk14.pdf,
2014,33,Nashik,xix.Dengue,vector-borne,10.0,33rd_wk14.pdf,
2014,34,,xvii.Viral Hepatitis E,water-borne,,34th_wk14.pdf,
2014,34,Jalgaon,xxii.Dengue,vector-borne,,34th_wk14.pdf,
2014,35,,Dengue,vector-borne,,35th_wk14.pdf,
2014,35,Ahmedna gar,Malaria?,vector-borne,14.0,35th_wk14.pdf,
2014,35,Nanded,Dengue,vector-borne,124.0,35th_wk14.pdf,
2014,35,Nandurbar,Acute Diarrhoeal Disease,water-borne,43.0,35th_wk14.pdf,
2014,35,Sangli,Acute Diarrhoeal Disease,water-borne,50.0,35th_wk14.pdf,
2014,36,Akola,Dengue,vector-borne,,36th_wk14.pdf,
2014,36,Nashik,Dengue,vector-borne,,36th_wk14.pdf,
2014,36,Nashik,Malaria?,vector-borne,,36th_wk14.pdf,
2014,36,Pune,Acute Diarrhoeal Disease,water-borne,,36th_wk14.pdf,
2014,37,Gadchiroli,Malaria,vector-borne,17.0,37th_wk14.pdf,
2014,38,Washim,Dengue,vector-borne,28.0,38th_wk14.pdf,
2014,39,Gadchiroli,Malaria,vector-borne,,39th_wk14.pdf,
2014,40,Amravati,Dengue?,vector-borne,,40th_wk14.pdf,
2014,40,Jalgaon,Dengue,vector-borne,,40th_wk14.pdf,
2014,42,Ahmednagar,Dengue?,vector-borne,,42nd_wk14.pdf,
2014,42,Jalgaon,Acute Diarrhoeal Disease,water-borne,,42nd_wk14.pdf,
2014,44,Amravati,Acute Diarrhoeal Disease,water-borne,,44th_wk14.pdf,
2014,47,Ahmednagar,Dengue,vector-borne,,47th_wk14.pdf,
2014,49,Nandurbar,Measles,air-borne,15.0,49th_wk14.pdf,
2014,50,Beed,Acute Diarrhoeal Disease,water-borne,,50th_wk14.pdf,
2015,2,Nashik,Viral Hepatitis,water-borne,12.0,2nd_wk15.pdf,
2015,3,Bhandara,Chickenpox,air-borne,,3rd_wk15.pdf,
2015,4,Jalgaon,Mumps,air-borne,,4th_wk15.pdf,
2015,5,Bhandara,Measles,air-borne,,5th_wk15.pdf,
2015,6,Bhandara,Chickenpox,air-borne,,6th_wk15.pdf,
2015,8,Thane,Acute Diarrheal Disease,water-borne,,8th_wk15.pdf,
2015,9,Bhandara,Chickenpox,air-borne,,9th_wk15.pdf,
2015,16,Nagpur,Viral Hepatitis E,water-borne,16.0,16th_wk15.pdf,
2015,17,,Dysentery,water-borne,,17th_wk15.pdf,
2015,17,Jalgaon,Acute Diarrheal Disease,water-borne,33.0,99171777471465983686.pdf,
2015,17,Yavatmal,Acute Diarrheal Disease,water-borne,12.0,99171777471465983686.pdf,
2015,18,Gadhchiroli,Dengue,vector-borne,,18th_wk15.pdf,
2015,18,Parbhani,Acute Diarrheal Disease,water-borne,25.0,72914162941466750136.pdf,
2015,18,Wardha,Cholera?,water-borne,24.0,72914162941466750136.pdf,
2015,19,Chandrapur,Acute Diarrheal Disease,water-borne,21.0,19th_wk15.pdf,
2015,19,Nagpur,Acute Diarrheal Disease,water-borne,55.0,95133348011466750283.pdf,
2015,19,Parbhani,Acute Diarrheal Disease,water-borne,127.0,95133348011466750283.pdf,
2015,20,Akola,Cholera,water-borne,21.0,2958396131466750320.pdf,
2015,20,Dhule,Acute Diarrheal Disease,water-borne,23.0,2958396131466750320.pdf,
2015,20,Sindhudurg,Acute Diarrheal Disease,water-borne,49.0,2958396131466750320.pdf,
2015,23,Ahmednagar,Acute Diarrheal Disease,water-borne,15.0,23rd_wk15.pdf,
2015,24,,Acute Diarrheal Disease,water-borne,15.0,24th_wk15.pdf,
2015,26,Dhule,Acute Diarrheal Disease,water-borne,13.0,26th_wk15.pdf,
2015,26,Jalgaon,Acute Diarrheal Disease,water-borne,64.0,26th_wk15.pdf,
2015,27,Amravati,Acute Diarrheal Disease,water-borne,56.0,27th_wk15.pdf,
2015,29,Gadhchiroli,Malaria,vector-borne,37.0,29th_wk15.pdf,
2015,29,Jalgaon,Acute Diarrheal Disease,water-borne,107.0,29th_wk15.pdf,
2015,30,Gadchiroli,Malaria,vector-borne,41.0,30th_wk15.pdf,
2015,33,Nashik,Dengue,vector-borne,10.0,33rd_wk15.pdf,
2015,39,Beed,Acute Diarrheal Disease,water-borne,22.0,39th_wk15.pdf,
2015,39,Bhandara,Acute Diarrheal Disease,water-borne,24.0,39th_wk15.pdf,
2015,39,Thane,Acute Diarrheal Disease,water-borne,27.0,39th_wk15.pdf,
2015,40,Jalgaon,Acute Diarrheal Disease,water-borne,100.0,40th_wk15.pdf,
2015,42,Nashik,Dengue,vector-borne,18.0,42nd_wk15.pdf,
2015,42,Thane,Diarrhea,water-borne,33.0,42nd_wk15.pdf,
2015,47,Gadchiroli,Malaria,vector-borne,15.0,47th_wk15.pdf,
2015,47,Gadchiroli,Malaria,vector-borne,30.0,47th_wk15.pdf,
2015,48,Kolhapur,Malaria,vector-borne,11.0,48th_wk15.pdf,
2015,50,Gadchiroli,Malaria,vector-borne,195.0,50th_wk15.pdf,
2015,50,Thane,Acute Diarrheal Disease,water-borne,14.0,50th_wk15.pdf,
2015,51,Ahmednagar,Acute Diarrheal Disease,water-borne,29.0,51st_wk15.pdf,
2015,51,Ahmednagar,Acute Diarrheal Disease,water-borne,104.0,51st_wk15.pdf,
2015,51,Aurangabad,Chikungunya,vector-borne,30.0,51st_wk15.pdf,
2015,52,Kolhapur,Malaria,vector-borne,60.0,52nd_wk15.pdf,
2015,52,Nashik,Dengue,vector-borne,10.0,52nd_wk15.pdf,
2015,53,Gadchiroli,Dysentery,water-borne,102.0,53rd_wk15.pdf,
2015,53,Kolhapur,Malaria,vector-borne,3.0,53rd_wk15.pdf,
2015,53,Wardha,Japanese Encephalitis,vector-borne,1.0,53rd_wk15.pdf,
2016,2,Gadchiroli,Falciparum Malaria,vector-borne,3.0,1489553831487223752.pdf,MH/GAD/2017/2/0038
2016,3,Sindhudurg,Malaria (PF),vector-borne,1.0,6867458831488435370.pdf,MH/SIN/2017/3/0063
2016,4,Amravati,Measles,air-borne,8.0,15366628751488435411.pdf,MH/AMR/2017/4/0084
2016,5,Ahmednaga r,Acute Diarrhoeal Disease,water-borne,41.0,44784235121465987444.pdf,
2016,5,Nagpur,Suspected Mumps,air-borne,9.0,44784235121465987444.pdf,
2016,6,Nagpur,Chickenpox,air-borne,13.0,77987201021489753657.pdf,MH/NAG/2017/6/0141
2016,6,Yavatmal,Measles & Rubella,air-borne,19.0,77987201021489753657.pdf,MH/YVT/2017/6/0142
2016,7,Akola,Measles,air-borne,,1544826741465987503.pdf,
2016,7,Kolhapur,Chickenpox,air-borne,174.0,072017.pdf,MH/KOP/2017/7/0187
2016,7,Kolhapur,Dengue,vector-borne,,1544826741465987503.pdf,
2016,7,Washim,Rubella,air-borne,,1544826741465987503.pdf,
2016,8,Thane,Jaundice,water-borne,,68623290411465987526.pdf,
2016,9,Ahmednagar,Measles,air-borne,13.0,092017.pdf,
2016,9,Akola,Measles,air-borne,15.0,092017.pdf,
2016,9,Nagpur,Chickenpox,air-borne,,9th_wk16.pdf,
2016,10,Akola,Measles,air-borne,13.0,10th_wk16.pdf,MH/AKL/2016/10/0507
2016,10,Yavatmal,Measles,air-borne,10.0,10th_wk16.pdf,MH/YVT/2016/10/0509
2016,11,Ahmednagar,Acute Diarrheal Disease,water-borne,,11th_wk16.pdf,
2016,11,Nagpur,Acute Diarrheal Disease,water-borne,,11th_wk16.pdf,
2016,12,Ahmednagar,Rubella,air-borne,,12th_wk16.pdf,
2016,14,Ahmednagar,Acute Diarrheal Disease,water-borne,71.0,rcntobrk.pdf,
2016,14,Washim,Cholera,water-borne,31.0,rcntobrk.pdf,
2016,15,Akola,Bacillary Dysentery,water-borne,22.0,25655158311465983344.pdf,
2016,21,Akola,Cholera,water-borne,21.0,24529831491467368085.pdf,
2016,21,Amravati,Cholera,water-borne,62.0,24529831491467368085.pdf,
2016,21,Aurangabad,Acute Diarrheal Disease,water-borne,60.0,24529831491467368085.pdf,
2016,21,Jalna,Acute Diarrheal Disease,water-borne,47.0,24529831491467368085.pdf,
2016,21,Nagpur,Acute Diarrheal Disease,water-borne,194.0,24529831491467368085.pdf,
2016,21,Nashik,Acute Diarrheal Disease,water-borne,409.0,24529831491467368085.pdf,
2016,22,Ahmednagar,Acute Diarrheal Disease,water-borne,,73651938401470919034.pdf,
2016,22,Beed,Suspected Enteric Fever,water-borne,,73651938401470919034.pdf,
2016,22,Nagpur,Acute Diarrheal Disease,water-borne,,73651938401470919034.pdf,
2016,23,Jalgaon,Cholera,water-borne,53.0,1017710531470919065.pdf,
2016,23,Nashik,Acute Diarrheal Disease,water-borne,158.0,1017710531470919065.pdf,
2016,23,Osmanabad,Acute Diarrheal Disease,water-borne,55.0,1017710531470919065.pdf,
2016,23,Yavatmal,Acute Diarrheal Disease,water-borne,10.0,1017710531470919065.pdf,
2016,24,Beed,Acute Diarrheal Disease,water-borne,,66156980721470919091.pdf,
2016,24,Bhandara,Acute Gastroenteritis,water-borne,,66156980721470919091.pdf,
2016,24,Gadchiroli,Acute Diarrheal Disease,water-borne,,66156980721470919091.pdf,
2016,24,Nashik,Dengue,vector-borne,,66156980721470919091.pdf,
2016,25,Amravati,Acute Gastroenteritis,water-borne,,72219634171470919115.pdf,
2016,25,Jalna,Acute Gastroenteritis,water-borne,,72219634171470919115.pdf,
2016,25,Kolhapur,Hepatitis E,water-borne,,72219634171470919115.pdf,
2016,25,Washim,Acute Gastroenteritis,water-borne,,72219634171470919115.pdf,
2016,26,Jalna,Acute Gastroenteritis,water-borne,17.0,33166532671470919134.pdf,
2016,26,Jalna,Acute Gastroenteritis,water-borne,13.0,33166532671470919134.pdf,
2016,26,Thane,Acute Gastroenteritis,water-borne,12.0,33166532671470919134.pdf,
2016,26,Thane,Acute Gastroenteritis,water-borne,23.0,33166532671470919134.pdf,
2016,27,Aurangabad,Acute Diarrheal Disease,water-borne,20.0,69286944421470997079.pdf,
2016,27,Aurangabad,Cholera,water-borne,9.0,69286944421470997079.pdf,
2016,27,Thane,Acute Diarrheal Disease,water-borne,25.0,69286944421470997079.pdf,
2016,28,Nagpur,Cholera,water-borne,858.0,81165166051471513557.pdf,
2016,28,Nashik,Acute Diarrheal Disease,water-borne,25.0,81165166051471513557.pdf,
2016,28,Nashik,Acute Diarrheal Disease,water-borne,62.0,81165166051471513557.pdf,
2016,28,Yavatmal,Acute Diarrheal Disease,water-borne,28.0,81165166051471513557.pdf,
2016,29,Bhandara,Acute Diarrheal Disease,water-borne,32.0,90160646731472206250.pdf,
2016,29,Thane,Acute Diarrheal Disease,water-borne,11.0,90160646731472206250.pdf,
2016,29,Thane,Acute Diarrheal Disease,water-borne,25.0,90160646731472206250.pdf,
2016,29,Wardha,Acute Diarrheal Disease,water-borne,26.0,90160646731472206250.pdf,
2016,30,Chandrapur,Acute Gastroenteritis,water-borne,16.0,31559774371473068473.pdf,
2016,30,Kolhapur,Malaria Vivax,vector-borne,18.0,31559774371473068473.pdf,
2016,30,Nagpur,Acute Gastroenteritis,water-borne,18.0,31559774371473068473.pdf,
2016,31,Amravati,Acute Diarrheal Disease,water-borne,13.0,58448966271473417376.pdf,
2016,31,Sholapur,Acute Diarrheal Disease,water-borne,160.0,58448966271473417376.pdf,
2016,31,Yavatmal,Acute Diarrheal Disease,water-borne,5.0,58448966271473417376.pdf,
2016,32,Jalgaon,Cholera,water-borne,46.0,322016.pdf,
2016,32,Kolhapur,Cholera,water-borne,50.0,322016.pdf,
2016,33,Beed,Dengue,vector-borne,34.0,332016.pdf,
2016,34,Amravati,Acute Gastroenteritis,water-borne,41.0,342016.pdf,
2016,35,Ahmednagar,Chikungunya,vector-borne,,352016.pdf,
2016,36,Nagpur,Dengue,vector-borne,,362016.pdf,
2016,36,Washim,Chikungunya,vector-borne,,362016.pdf,
2016,37,Gadchiroli,Acute Gastroenteritis,water-borne,,372016.pdf,
2016,37,Yavatmal,Acute Diarrheal Disease,water-borne,,372016.pdf,
2016,38,Beed,Chikungunya,vector-borne,5.0,382016.pdf,MH/BED/2016/38/2239
2016,38,Jalgaon,Dengue,vector-borne,60.0,382016.pdf,MH/JGA/2016/38/2263
2016,38,Nashik,Diarrhea,water-borne,22.0,382016.pdf,MH/NAS/2016/38/2265
2016,40,Kolhapur,Acute Diarrheal Disease,water-borne,49.0,402016.pdf,MH/KOP/2016/40/232 9
2016,41,Dhule,Acute Diarrheal Disease,water-borne,24.0,23840262681481707331.pdf,
2016,42,Kolhapur,Acute Diarrheal Disease,water-borne,47.0,92950886071481706669.pdf,
2016,43,Nagpur,Japanese Encephalitis,vector-borne,19.0,432016.pdf,MH/NAG/2016/43/244 0
2016,43,Washim,Measles,air-borne,6.0,432016.pdf,MH/WAS/2016/43/244 1
2016,45,Washim,Measles,air-borne,7.0,452016.pdf,MH/WAS/2016/45/249 2
2016,46,Beed,Dengue & Chikungunya,vector-borne,8.0,462016.pdf,MH/BED/2016/46/2512
2016,47,Ratnagiri,Dengue,vector-borne,40.0,472016.pdf,MH/RTG/2016/47/252 9
2016,48,Nagpur,Dengue,vector-borne,6.0,482016.pdf,MH/NAG/2016/48/255 9
2016,50,Akola,Chickenpox,air-borne,6.0,502016.pdf,
2016,50,Dhule,Acute Diarrheal Disease,water-borne,25.0,502016.pdf,
2016,52,Nagpur,Rubella,air-borne,15.0,89800766661487223603.pdf,MH/NAG/2016/52/267 1
2017,1,Sindhudurg,Malaria (PF),vector-borne,2.0,16761928221487223715.pdf,MH/SIN/2017/1/0011
2017,1,Sindhudurg,Suspected Measles,air-borne,5.0,16761928221487223715.pdf,MH/SIN/2017/1/0012
2017,10,Nagpur,Rubella,air-borne,6.0,102017.pdf,MH/NAG/2017/10/0305
2017,10,Osmanabad,Chickenpox,air-borne,14.0,102017.pdf,MH/OSM/2017/10/0328
2017,10,Washim,Measles,air-borne,7.0,102017.pdf,MH/WAS/2017/10/0306
2017,11,Akola,Measles,air-borne,6.0,112017.pdf,MH/AKL/2017/11/0343
2017,11,Dhule,Measles,air-borne,9.0,112017.pdf,MH/DHL/2017/11/0344
2017,11,Nagpur,Chickenpox,air-borne,10.0,112017.pdf,MH/NAG/2017/11/0345
2017,16,Aurangabad,"Poisoning 22 00 Control outbreak. House to house survey done. All cases treated symptomatically. Health education given. Cases reported from Village Campkhadanold City, Under Block Akola. District RRT investigated the Fever with 18-04-17 18-04-17 MH/AKL/2017/16/0547 Maharashtra Akola 17 00 Surveillance outbreak. House to house survey done. Health rash camp organized and all cases treated symptomatically. Health education given. Cases reported from Village/SC Pohara Channa, PHC Pohara, Block Lakhani. District RRT Under investigated the outbreak. House to house survey MH/BNR/2017/16/0548 Maharashtra Bhandara Chickenpox",air-borne,13.0,162017.pdf,MH/AGB/2017/16/0546
2017,16,Nagpur,Chickenpox,air-borne,19.0,162017.pdf,MH/NAG/2017/16/0549
2017,16,Wardha,Measles,air-borne,11.0,162017.pdf,MH/WDH/2017/16/0550
2017,17,Aurangabad,Measles,air-borne,5.0,172017.pdf,MH/AGB/2017/17/0591
2017,21,Osmanabad,Measles,air-borne,6.0,212017.pdf,MH/OSM/2017/21/0782
2017,22,Bhandara,"03 01 10-05-17 Encephalitis Control at IGMC Nagpur for JE and Chandipura virus, 2 found positive for JE test. All cases treated symptomatically. Health education given. Cases reported from Village Ganesh Nagar, PHC Janwal. Food Under District RRT investigated the outbreak. House to house survey MH/LTR/2017/22/0828 Maharashtra Latur",vector-borne,35.0,76224562731499776651.pdf,MH/BNR/2017/22/0827
2017,23,Sindhudurg,Malaria,vector-borne,93.0,232017.pdf,MH/SIN/2017/23/0847
2017,24,Satara,Chikungunya,vector-borne,32.0,242017.pdf,MH/STA/2017/24/0890
2017,25,Yavatmal,"05 01 09-06-17 Poisoning Control sent to Forensic lab Aurangabad, result awaited. Health camp organized in the school and all cases treated symptomatically. Health education given. Deceased was 40 yrs old male. FOLLOW UP OF DISEASE OUTBREAKS OF PREVIOUS WEEKS Date of No. of No. of Current Unique ID. Name of District Disease/ Illness Start of Comments/ Action Taken Cases Deaths Status Outbreak 23 Cases were reported from Village Bharatpur, PHC/CHC Mangalgi, Taluk Chittapur in week 24. Out of 10 blood Dengue Under KN/GUL/2017/24/0875 Kalaburagi",vector-borne,35.0,252017.pdf,MH/YVT/2017/25/0933
2017,27,Satara,Chikungunya,vector-borne,53.0,272017.pdf,MH/STA/2017/27/0977
2017,27,Sindhudurg,Hepatitis E,water-borne,5.0,272017.pdf,MH/SIN/2017/27/0978
2017,28,Raigad,Hepatitis A,water-borne,32.0,282017.pdf,MH/RGD/2017/28/1036
2017,28,Ratnagiri,Cholera,water-borne,83.0,282017.pdf,MH/RTG/2017/28/1017
2017,28,Washim,"21 00 26-06-17 outbreak. House to house survey done. 1 water sample tested at Gastroenteritis Surveillance District hospital PHL Wahsim found non potable. All cases treated symptomatically. Health education given. Cases reported from 5 Villages of Churachandpur. District RRT investigated the outbreak. House to house survey done. Under Out of 78 blood samples tested for Dengue, 25 found positive MN/CHR/2017/28/1038 Manipur Churchandrapur Dengue",vector-borne,25.0,282017.pdf,MH/WAS/2017/28/1037
2017,29,Osmanabad,Cholera,water-borne,3.0,292017.pdf,MH/OSM/2017/29/1070
2017,29,Thane,Dengue,vector-borne,56.0,292017.pdf,MH/THN/2017/29/1071
2017,29,Thane,Dengue,vector-borne,89.0,292017.pdf,MH/THN/2017/29/1072
2017,29,Thane,Dengue,vector-borne,86.0,292017.pdf,MH/THN/2017/29/1075
2017,29,Thane,Malaria,vector-borne,15.0,292017.pdf,MH/THN/2017/29/1073
2017,29,Thane,Malaria,vector-borne,26.0,292017.pdf,MH/THN/2017/29/1074
2017,30,Gadchiroli,Malaria,vector-borne,127.0,302017.pdf,MH/GAD/2017/30/1100
2017,32,Gadchiroli,"04 01 04-08-17 10-08-17 tested at PHC Devulgaon, 4 were positive for PF Malaria control Malaria. All cases treated locally. Source reduction activities undertaken. Health education given. Deceased was 2 years and 3 months old female child. Cases reported from Ward no 1, Guru Har Rai Nagar, bye pass road Jalandhar Block Urban Ludhiana. District RRT investigated the outbreak. Under House to house survey done. Out of 04 stool PB/LDH/2017/32/1170 Punjab Ludhiana Cholera",vector-borne,459.0,86234916091504855728.pdf,MH/GAD/2017/32/1169
2017,33,Nagpur,Chikungunya,vector-borne,38.0,332017.pdf,MH/NAG/2017/33/1205
2017,33,Satara,Dengue,vector-borne,26.0,332017.pdf,MH/STA/2017/33/1206
2017,34,Jalna,"01 00 12-08-17 Encephalitis Surveillance serum sample found positive for JE and all 05 blood samples tested negative at Civil Hospital, Jalna. Case treated symptomatically. Health education given. Cases reported from SC Chorad, PHC Sindhkhed, Taluka Mahur. District RRT investigated the outbreak. House to house MH/NAN/2017/34/124 Acute Under Maharashtra Nanded",vector-borne,27.0,342017.pdf,MH/JLN/2017/34/1247
2017,34,Nagpur,Scrub Typhus,vector-borne,2.0,342017.pdf,MH/NAG/2017/34/1240
2017,36,Sangli,Dengue,vector-borne,11.0,362017.pdf,MH/SGL/2017/36/1314
2017,37,Aurangabad,Dengue,vector-borne,18.0,372017.pdf,MH/AGB/2017/37/1342
2017,38,Nagpur,Dengue,vector-borne,5.0,382017.pdf,MH/NAG/2017/38/1373
2017,38,Osmanabad,Measles,air-borne,17.0,382017.pdf,MH/OSM/2017/38/1390
2017,38,Sindhudurg,Vivax Malaria,vector-borne,5.0,382017.pdf,MH/SIN/2017/38/1374
2017,39,Aurangabad,Dengue,vector-borne,,392017.pdf,MH/AGB/2017/39/1401
2017,39,Beed,Dengue and Chikungunya,vector-borne,,392017.pdf,MH/BED/2017/39/1402
2017,39,Kolhapur,Acute Diarrheal Disease,water-borne,,392017.pdf,MH/KOP/2017/39/1403
2017,40,Nagpur,Dengue,vector-borne,529.0,402017.pdf,MH/NAG/2017/40/1424
2017,40,Sangli,Dengue,vector-borne,58.0,402017.pdf,MH/SGL/2017/40/1434
2017,41,Jalgaon,Dengue,vector-borne,8.0,412017.pdf,MH/JGA/2017/41/1472
2017,41,Jalgaon,Measles,air-borne,15.0,412017.pdf,MH/JGA/2017/41/1453
2017,42,Ahmednagar,"05 02 12-10-17 17-10-17 Poisoning Control Food sample collected by FDA result awaited Health camp organized in the school and all cases treated symptomatically. Health education given. Deceased were 2 children aged 5 yrs and 3 yrs Cases reported from Village Langmeang, Aboi. District RRT investigated the outbreak. House to Under house fever survey done. 02 samples positive for NG/MON/2017/42/1484 Nagaland Mon Malaria",vector-borne,3.0,422017.pdf,MH/AMN/2017/42/1483
2017,42,Nashik,Dengue,vector-borne,7.0,422017.pdf,MH/NAS/2017/42/1494
2017,42,Satara,Chikungunya,vector-borne,16.0,422017.pdf,MH/STA/2017/42/1496
2017,43,Beed,Dengue,vector-borne,50.0,432017.pdf,MH/BED/2017/43/1515
2017,44,Beed,Dengue,vector-borne,19.0,442017.pdf,MH/BED/2017/44/1537
2017,44,Parbhani,32 00 01-11-17 02-11-17 done. 5 water samples collected sent to DPHL lab Gastroenteritis Surveillance result awaited. Health camp organized in the school and all cases treated symptomatically. Health education given. Cases reported from Village Hriangtkang. District RRT investigated the outbreak. All cases had consumed fermented soya bean. Food sample Acute Under tested at Civil Hospital Aizawl found positive for MZ/SER/2017/44/1542 Mizoram Serchhip,water-borne,9.0,442017.pdf,MH/PRB/2017/44/1541
2017,44,Parbhani,Dengue,vector-borne,14.0,442017.pdf,MH/PRB/2017/44/1540
2017,45,Palaghar,Dengue &,vector-borne,7.0,452017.pdf,MH/PLR/2017/45/1572
2017,45,Satara,Dengue,vector-borne,23.0,452017.pdf,MH/STA/2017/45/1579
2017,45,Satara,Dengue,vector-borne,28.0,452017.pdf,MH/STA/2017/45/1580
2017,45,Thane,Dengue,vector-borne,24.0,452017.pdf,MH/THN/2017/45/1581
2017,46,Ahmednagar,Dengue,vector-borne,10.0,462017.pdf,MH/AMN/2017/46/1605
2017,46,Aurangabad,Cholera,water-borne,5825.0,462017.pdf,MH/AGB/2017/46/1591
2017,46,Beed,Chikungunya,vector-borne,21.0,462017.pdf,MH/BED/2017/46/1592
2017,46,Jalgaon,Chikungunya,vector-borne,40.0,462017.pdf,MH/JGA/2017/46/1593
2017,47,Jalgaon,Dengue &,vector-borne,49.0,472017.pdf,MH/JGA/2017/47/1628
2017,47,Kolhapur,Dengue,vector-borne,1.0,472017.pdf,MH/KOP/2017/47/1616
2017,47,Kolhapur,Dengue,vector-borne,4.0,472017.pdf,MH/KOP/2017/47/1629
2017,47,Nashik,Chikungunya,vector-borne,60.0,472017.pdf,MH/NAS/2017/47/1631
2017,47,Pune,Dengue,vector-borne,3.0,472017.pdf,MH/PNE/2017/47/1632
2017,47,Pune,Dengue,vector-borne,1.0,472017.pdf,MH/PNE/2017/47/1633
2017,47,Sangli,Chikungunya,vector-borne,17.0,472017.pdf,MH/SGL/2017/47/1634
2017,47,Satara,Chikungunya,vector-borne,10.0,472017.pdf,MH/STA/2017/47/1636
2017,47,Satara,Dengue,vector-borne,18.0,472017.pdf,MH/STA/2017/47/1635
2017,47,Satara,Dengue,vector-borne,16.0,472017.pdf,MH/STA/2017/47/1637
2017,48,Akola,Measles,air-borne,,482017.pdf,MH/AKL/2017/48/1641
2017,48,Beed,Dengue,vector-borne,,482017.pdf,MH/BED/2017/48/1642
2017,49,Palaghar,Dengue,vector-borne,20.0,492017.pdf,MH/PLR/2017/49/1667
2017,49,Ratnagiri,Measles,air-borne,17.0,492017.pdf,MH/RTG/2017/49/1658
2017,50,Sangli,Chikungunya,vector-borne,10.0,502017.pdf,MH/SGL/2017/50/1674
2017,50,Sangli,Chikungunya,vector-borne,28.0,502017.pdf,MH/SGL/2017/50/1677
2017,50,Sangli,Chikungunya,vector-borne,15.0,502017.pdf,MH/SGL/2017/50/1678
2017,51,Dengue,"06 00 12-12-17 18-12-17 (Kudal) control collected sent to Manipal Virology Center were found positive Dengue NS1. All cases treated symptomatically. Source reduction activities undertaken. Health education given. Cases reported from Village Sangamwadi, PHC Saralgaon, Taluk Murbad. District RRT investigated the outbreak. House to house survey Food Under MH/THN/2017/51/1690 Maharashtra Thane",vector-borne,32.0,512017.pdf,MH/SIN/2017/51/1689
2017,51,Jalna,Chikungunya,vector-borne,11.0,512017.pdf,MH/JLN/2017/51/1694
2017,52,Thane,"07 00 18-12-17 Encephalitis surveillance tested at NIV, Pune was positive for JE (IgM ELISA). Health camp organized in the school and all cases treated symptomatically. Health education given. Cases reported from Village Waghibk, PHC Shirpur, Taluk Malegaon. District RRT investigated the outbreak. House to Under MH/WAS/2017/52/1712 Maharashtra Washim Measles",vector-borne,6.0,522017.pdf,MH/THN/2017/52/1711
2018,1,Gadchiroli,Malaria,vector-borne,13.0,012018.pdf,MH/GAD/2018/01/0008
2018,1,Nagpur,Measles,air-borne,5.0,012018.pdf,MH/NAG/2018/01/0009
2018,1,Ratnagiri,Hepatitis A,water-borne,177.0,012018.pdf,MH/RTG/2018/01/0010
2018,1,Satara,Chikungunya,vector-borne,9.0,012018.pdf,MH/STA/2018/01/0021
2018,1,Satara,Dengue,vector-borne,40.0,012018.pdf,MH/STA/2018/01/0022
2018,2,Osmanabad,Chikungunya,vector-borne,17.0,022018.pdf,MH/OSM/2018/02/0039
2018,4,Jalna,Dengue,vector-borne,11.0,042018.pdf,MH/JLN/2018/04/0094
2018,5,Bhandara,"94 00 26-01-18 29-01-18 Nagpur result awaited. Health camp started in Poisoning Surveillance Zila Panchayat Primary School by PHC Gondumari. Active case search conducted in village for more cases. All affected cases were admitted at SDH Sakoli and treatment was given. Health camp organized in the school and all cases treated symptomatically. Health education given. Cases reported from Village Bairagaon, SHC Samnapur, Block Gairatganj. District RRT investigated the outbreak. House to house survey Madhya Under MP/RSN/2018/05/0108 Raisen Chickenpox",air-borne,18.0,052018.pdf,MH/BNR/2018/05/0107
2018,5,Yavatma,"21 00 19-01-18 to house survey done. Parents are instructed to isolate affected Chickenpox Surveillance children. Symptomatic treatment given. All cases treated symptomatically. Health education given. Cases reported from Village Gandhwai, Keli, Ubadhgadh, Borlai. Block Sendhwa Pati, Silawad. District RRT investigated Madhya Neonatal Under the outbreak. House to house survey done. House Surveyed MP/BAD/2018/05/0126 Badwani",air-borne,4.0,052018.pdf,MH/YVT/2018/05/0125
2018,8,Satara,Measles,air-borne,5.0,082018.pdf,MH/STA/2018/08/0220
2018,9,Akola,Chickenpox,air-borne,27.0,092018.pdf,MH/AKL/2018/09/0256
2018,10,Ahmednagar,Measles,air-borne,11.0,102018.pdf,MH/AMN/2018/10/299
2018,12,05,"02 11-03-18 (Kudal) Forest Disease Surveillance negative for Malaria. 05 samples sent to Manipal Laboratory, Udapi were positive for KFD. All cases treated symptomatically. Source reduction, larval survey and other vector control measures were done. Cases of fever with rash reported from Village Sijua, SC Patrapada, CHC Mendhasal, Block Bhubaneswar. Khurda Under District RRT investigated the outbreak. House to OR/KHU/2018/12/365 Odisha Chickenpox",vector-borne,12.0,122018.pdf,MH/SIN/2018/12/364
2018,12,Palaghar,Measles,air-borne,11.0,122018.pdf,MH/PLR/2018/12/348
2018,13,Bhandara,"04 00 14-03-18 sent to GMC Nagpur for JE and 4 samples were found Encephalitis Control positive. Health camp organized in the school and all cases treated symptomatically. Sanitation Campaign and Dry Day Activity conducted in village. IEC done on Vector Borne Diseases and their prevention. Cases of fever with rash reported from Village Ambadgaon, SC Ambadgaon, PHC Wakulni, Taluq Badnapur. District RRT investigated the outbreak. Under House to house survey done. 05 Serum samples sent MH/JLN/2018/13/402 Maharashtra Jalna Measles",vector-borne,9.0,132018.pdf,MH/BNR/2018/13/401
2018,13,Jalna,Measles,air-borne,12.0,132018.pdf,MH/JLN/2018/13/404
2018,13,Ratnagiri,Measles,air-borne,9.0,132018.pdf,MH/RTG/2018/13/387
2018,14,Hingoli,Dengue,vector-borne,17.0,142018.pdf,MH/HIN/2018/14/445
2018,17,Akola,Cholera,water-borne,13.0,172018.pdf,MH/AKL/2018/17/581
2018,17,Jalna,Dengue,vector-borne,18.0,172018.pdf,MH/JLN/2018/17/582
2018,18,Ahmednagar,Dengue,vector-borne,16.0,182018.pdf,MH/AMN/2018/18/622
2018,20,Nashik,Chikungunya,vector-borne,66.0,202018.pdf,MH/NAS/2018/20/687
2018,20,Osmanabad,Dengue,vector-borne,11.0,202018.pdf,MH/OSM/2018/20/665
2018,20,Ratnagiri,"20 00 18-05-18 19-05-18 Poisoning Surveillance of cases at SDH Dapoli. Health camp organized in the school and all cases treated symptomatically. Relevant health education given. Cases of fever with rash reported from Village Dhorera (SC Magarda) PHC Agra, CHC Vijaypur, Block Vijaypur. District RRT Madhya Suspected Under investigated the outbreak. House to house MP/SHY/2018/20/667 Sheopur-Kalan",air-borne,9.0,202018.pdf,MH/RTG/2018/20/666
2018,22,Jalgaon,Measles,air-borne,15.0,222018.pdf,MH/JGA/2018/22/745
2018,22,Kolhapur,Chikungunya,vector-borne,9.0,222018.pdf,MH/KOP/2018/22/765
2018,23,Satara,Chikungunya,vector-borne,9.0,93428147651531734413.pdf,MH/STA/2018/23/814
2018,24,Akola,Measles,air-borne,6.0,242018.pdf,MH/AKL/2018/24/841
2018,24,Gadchiroli,"03 02 23-05-18 Encephalitis n closed Paima, PHC negative for Malaria at Burgi, and PHC Burgi. 01 serum Block- sample sent to IGMC Etapalli. Nagpur was positive for JE IgM Elisa. 3 Village 01/01 49 Blood Smear tested Kotgul, PHC- (14/M) negative for Malaria at Kotgul, Sub PHC Kotgul. 04 serum Center- samples sent to IGMC Kotgul, and Nagpur were positive for Block- IgM Elisa JE. Korchi. Cases reported from Village Rebari Vas, SC Dattani, PHC Bhatana, Block Reodar. District RRT investigated the outbreak. House to house survey done. Contaminated Food Under buttermilk was likely the cause of outbreak. 01 milk sample RJ/SRH/2018/24/858 Rajasthan Sirohi",vector-borne,39.0,242018.pdf,MH/GAD/2018/24/857
2018,24,Sangli,Dengue,vector-borne,14.0,242018.pdf,MH/SGL/2018/24/856
2018,25,Kolhapur,Dengue,vector-borne,5.0,252018.pdf,MH/KOP/2018/25/904
2018,25,Sholapur,Dengue,vector-borne,7.0,252018.pdf,MH/SHO/2018/25/905
2018,26,Amravati,Cholera,water-borne,27.0,262018.pdf,MH/AMR/2018/26/925
2018,26,Palaghar,Dengue,vector-borne,10.0,262018.pdf,MH/PLR/2018/26/927
2018,27,Kolhapur,Dengue,vector-borne,69.0,272018.pdf,MH/KOP/2018/27/978
2018,27,Nashik,Chikungunya,vector-borne,137.0,272018.pdf,MH/NAS/2018/27/979
2018,27,Pune,Chikungunya,vector-borne,18.0,272018.pdf,MH/PNE/2018/27/981
2018,27,Sangli,Dengue,vector-borne,10.0,272018.pdf,MH/SGL/2018/27/982
2018,27,Satara,Dengue,vector-borne,26.0,272018.pdf,MH/STA/2018/27/983
2018,28,Kolhapur,"07 00 09-07-18 13-07-18 Mouth Disease Surveillance potable. 05 throat swabs tested were negative. 04 stool samples sent to NIV, Pune were positive by EV PCR test for HFMD. Cases treated symptomatically. Health education given on the mode of spread of diseases and measures of personal hygiene. Cases of vomiting with pain abdomen reported from Village Jalkot, Wanjarwada, Mangrul. District RRT investigated the outbreak. House to Food Under house survey done. Food sample collected by MH/LTR/2018/28/1005 Maharashtra Latur",air-borne,11.0,282018.pdf,MH/KOP/2018/28/1004
2018,29,Chandrapur,Dengue,vector-borne,35.0,292018.pdf,MH/CND/2018/29/1072
2018,29,Chandrapur,Dengue,vector-borne,77.0,292018.pdf,MH/CND/2018/29/1075
2018,29,Gadchiroli,Malaria,vector-borne,15.0,292018.pdf,MH/GAD/2018/29/1034
2018,29,Nashik,Chikungunya,vector-borne,28.0,292018.pdf,MH/NAS/2018/29/1035
2018,29,Sangli,Dengue,vector-borne,13.0,292018.pdf,MH/SGL/2018/29/1076
2018,31,Nashik,Chikungunya,vector-borne,73.0,312018.pdf,MH/NAS/2018/31/1137
2018,35,Aurangabad,Dengue,vector-borne,4.0,352018.pdf,MH/AGB/2018/35/1204
2018,35,Satara,Chikungunya,vector-borne,7.0,352018.pdf,MH/STA/2018/35/1206
2018,35,Satara,Chikungunya,vector-borne,7.0,352018.pdf,MH/STA/2018/35/1221
2018,35,Satara,Dengue,vector-borne,13.0,352018.pdf,MH/STA/2018/35/1222
2018,40,Beed,Dengue,vector-borne,10.0,402018.pdf,MH/BED/2018/40/1329
2018,40,Pune,Chikungunya,vector-borne,33.0,402018.pdf,MH/PNE/2018/40/1337
2018,40,Pune,Dengue,vector-borne,51.0,402018.pdf,MH/PNE/2018/40/1338
2018,40,Satara,Chikungunya,vector-borne,16.0,402018.pdf,MH/STA/2018/40/1340
2018,40,Satara,Dengue,vector-borne,39.0,402018.pdf,MH/STA/2018/40/1341
2018,40,Wardha,Dengue,vector-borne,62.0,402018.pdf,MH/WDH/2018/40/1343
2018,41,Amravati,Measles,air-borne,13.0,412018.pdf,MH/AMR/2018/41/1357
2018,44,Ahmednagar,Rubella,air-borne,13.0,442018.pdf,MH/AMN/2018/44/1424
2018,44,Amravati,Dengue Fever,vector-borne,17.0,442018.pdf,MH/AMR/2018/44/1427
2018,46,Beed,Dengue,vector-borne,12.0,462018.pdf,MH/BED/2018/46/1476
2018,46,Nagpur,Dengue,vector-borne,15.0,462018.pdf,MH/NAG/2018/46/1490
2018,46,Nagpur,Dengue,vector-borne,18.0,462018.pdf,MH/NAG/2018/46/1492
2018,46,Nagpur,Dengue,vector-borne,52.0,462018.pdf,MH/NAG/2018/46/1493
2018,46,Sholapur,Dengue,vector-borne,16.0,462018.pdf,MH/SHO/2018/46/1495
2018,46,Sholapur,Dengue,vector-borne,7.0,462018.pdf,MH/SHO/2018/46/1496
2018,46,Yavatmal,Measles,air-borne,6.0,462018.pdf,MH/YVT/2018/46/1497
2018,47,Nashik,Chikungunya,vector-borne,30.0,472018.pdf,MH/NAS/2018/47/1515
2018,47,Nashik,Dengue,vector-borne,14.0,472018.pdf,MH/NAS/2018/47/1514
2018,48,Akola,Dengue,vector-borne,14.0,482018.pdf,MH/AKL/2018/48/1524
2018,50,Akola,Dengue,vector-borne,8.0,502018.pdf,MH/AKL/2018/50/1580
2018,50,Akola,Measles,air-borne,5.0,502018.pdf,MH/AKL/2018/50/1579
2018,50,Satara,Chikungunya,vector-borne,7.0,502018.pdf,MH/STA/2018/50/1591
2018,50,Satara,Dengue,vector-borne,64.0,502018.pdf,MH/STA/2018/50/1590
2019,2,Gadchiroli,Malaria,vector-borne,3.0,022019.pdf,MH/GAD/2019/02/051
2019,2,Nashik,Dengue,vector-borne,27.0,022019.pdf,MH/NAS/2019/02/064
2019,3,Ahmednagar,"29 00 12-01-19 15-01-19 Poisoning Control pain in abdomen, nausea, vomiting, and diarrhea. 21 students admitted at PHC Taklikhatgaon and 8 students referred to Balaji Hospital, Nagar. Health Education given to NGO Staff, students regarding food handling, storage, personal hygiene. Treatment given to all students. Cases reported from Village Nuagad, SC Rangamatiguda, Block Namdahandi. District Under OR/NAB/2019/03/0076 Odisha Nawarangpur Chickenpox",water-borne,10.0,032019.pdf,MH/AMN/2019/03/0075
2019,9,Kolhapur,Dengue,vector-borne,7.0,6589945201554276858.pdf,MH/KOP/2019/09/0220
2019,18,Sindhudurg,KFD,vector-borne,1.0,7712669551559045817.pdf,MH/SIN/2019/18/0464
2019,22,Amravati,Chickenpox,air-borne,11.0,82640712431561703101.pdf,MH/AMR/2019/22/0575
2019,23,Palaghar,Dengue,vector-borne,8.0,85360816881563359501.pdf,MH/ERN/2019/23/0626
2019,23,Raigad,Dengue,vector-borne,24.0,85360816881563359501.pdf,MH/ERN/2019/23/0627
2019,24,Sangli,Chikungunya,vector-borne,10.0,7691730161563359625.pdf,MH/SGL/2019/24/0688
2019,24,Sangli,Dengue,vector-borne,12.0,7691730161563359625.pdf,MH/SGL/2019/24/0687
2019,24,Sangli,Malaria,vector-borne,7.0,7691730161563359625.pdf,MH/SGL/2019/24/0646
2019,25,Kolhapur,Dengue,vector-borne,7.0,25756315101563359659.pdf,MH/KOP/2019/25/0725
2019,25,Satara,Dengue,vector-borne,6.0,25756315101563359659.pdf,MH/STA/2019/25/0726
2019,26,Raigad,Dengue,vector-borne,15.0,68942651301564989114.pdf,MH/RGD/2019/26/0747
2019,27,Beed,74 00 11-06-19 Poisoning Control ceremony after which they developed loose motions and vomiting. The consumed food item was meat curry. All cases treated. Cases reported from Village CISF Colony Nimach. District RRT investigated the outbreak. Cases presented with fever Madhya Under MP/NIM/2019/27/0812 Nimach Chickenpox,air-borne,4.0,35559832711564989155.pdf,MH/BED/2019/27/0811
2019,29,Chandrapur,"06 01 13-07-19 19-07-19 Encephalitis Surveillance smears examined and all found negative for Malaria. Entomological survey done CI (6.02), HI (3.31), BI (8.26). All cases treated. Health education given. Cases reported from Village Navegaon Pandav, PHC Navegaon Pandav, Taluka Nagbhid. District RRT investigated the outbreak. 01 serum sample Japanese Under collected and found JE positive. 23 blood smears MH/CND/2019/29/0876 Maharashtra Chandrapur",vector-borne,23.0,45717479631566903502.pdf,MH/CND/2019/29/0875
2019,29,Kolhapur,Scrub Typhus,vector-borne,4.0,45717479631566903502.pdf,MH/KOP/2019/29/0909
2019,29,Satara,Dengue,vector-borne,28.0,45717479631566903502.pdf,MH/STA/2019/29/0910
2019,29,Thane,"05 01 28-06-19 Dengue surveillance Mumbai. 04 blood samples tested for Dengue found negative at UHC Ulhas Nagar 4, 02 blood samples collected and sent to JJ Hospital Thane result awaited. Fogging done. Cases reported from Village Bhivapur, SC Neri, PHC Talegaon (T) and slum area of Itwara Ward of Block Wardha. District RRT investigated the outbreak. 12 bloods smears samples taken for the evaluation of Malaria all found negative. 12 serum samples collected sent to MGIMS and 02 Japanese Under MH/WDH/2019/29/0912 Maharashtra Wardha",vector-borne,14.0,45717479631566903502.pdf,MH/THN/2019/29/0911
2019,34,Chandrapur,Malaria,vector-borne,83.0,29559503671572417006.pdf,MH/CND/2019/34/1075
2019,34,Kolhapur,Dengue,vector-borne,2.0,29559503671572417006.pdf,MH/KOP/2019/34/1056
2019,34,Satara,Dengue,vector-borne,15.0,29559503671572417006.pdf,MH/STA/2019/34/1076
2019,35,Ahmednagar,Dengue,vector-borne,40.0,77063109021572417436.pdf,MH/AMN/2019/35/1090
2019,35,Ahmednagar,Dengue,vector-borne,32.0,77063109021572417436.pdf,MH/AMN/2019/35/1124
2019,35,Kolhapur,Dengue,vector-borne,5.0,77063109021572417436.pdf,MH/KOP/2019/35/1091
2019,35,Kolhapur,Malaria,vector-borne,3.0,77063109021572417436.pdf,MH/KOP/2019/35/1092
2019,35,Nagpur,Dengue,vector-borne,23.0,77063109021572417436.pdf,MH/NAG/2019/35/1093
2019,35,Palaghar,Dengue,vector-borne,143.0,77063109021572417436.pdf,MH/PLR/2019/35/1125
2019,35,Wardha,"01 01 23-08-19 30-08-19 Encephalitis Control for Japanese Encephalitis by IgM ELISA, CSF sample found negative for Japanese Encephalitis. A total of 07 serum samples of the contacts, were tested for Japanese encephalitis and Dengue and all were negative. Sanitation around patients house was poor. Entomological survey done. Fogging done and advised to monitor the sanitation regularly. Health education given. Cases reported from Village Pongkumg, SC Sawsymper, CHC/Block Mawsynram. District RRT investigated the outbreak. Cases presented with loose stools, vomiting and abdominal pain, cases were distributed across all age groups both Food Under men and women were affected. The probable MG/EKH/2019/35/1095 Meghalaya East Khasi Hills",vector-borne,13.0,77063109021572417436.pdf,MH/WDH/2019/35/1094
2019,36,Amravati,Scrub Typhus,vector-borne,1.0,82656745161572606554.pdf,MH/AMR/2019/36/1160
2019,36,Satara,Dengue,vector-borne,6.0,82656745161572606554.pdf,MH/STA/2019/36/1162
2019,36,Thane,Dengue,vector-borne,61.0,82656745161572606554.pdf,MH/THN/2019/36/1163
2019,36,Thane,Dengue,vector-borne,4.0,82656745161572606554.pdf,MH/THN/2019/36/1164
2019,36,Thane,Malaria,vector-borne,7.0,82656745161572606554.pdf,MH/THN/2019/36/1165
2019,37,Aurangabad,Dengue,vector-borne,53.0,70521842991573621699.pdf,MH/AGB/2019/37/1194
2019,37,Parbhani,Dengue,vector-borne,32.0,70521842991573621699.pdf,MH/PRB/2019/37/1180
2019,37,Thane,Dengue,vector-borne,6.0,70521842991573621699.pdf,MH/THN/2019/37/1195
2019,38,Aurangabad,Dengue,vector-borne,67.0,84412656471574839783.pdf,MH/AGB/2019/38/1224
2019,38,Jalna,Dengue,vector-borne,9.0,84412656471574839783.pdf,MH/JLN/2019/38/1225
2019,38,Satara,Dengue,vector-borne,26.0,84412656471574839783.pdf,MH/STA/2019/38/1226
2019,39,Ahmednagar,Dengue,vector-borne,20.0,75110479251574835379.pdf,MH/AMN/2019/39/1249
2019,39,Kolhapur,Dengue,vector-borne,6.0,75110479251574835379.pdf,MH/KOP/2019/39/1250
2019,39,Kolhapur,Hepatitis A,water-borne,10.0,75110479251574835379.pdf,MH/KOP/2019/39/1251
2019,39,Nandurbar,Dengue,vector-borne,26.0,75110479251574835379.pdf,MH/NDB/2019/39/1252
2019,39,Pune,Dengue,vector-borne,44.0,75110479251574835379.pdf,MH/PNE/2019/39/1269
2019,40,Jalgaon,Dengue,vector-borne,42.0,17724297961576151118.pdf,MH/JGA/2019/40/1282
2019,40,Nandurbar,Dengue,vector-borne,26.0,17724297961576151118.pdf,MH/NDB/2019/40/1283
2019,40,Pune,Dengue,vector-borne,82.0,17724297961576151118.pdf,MH/PNE/2019/40/1303
2019,41,Pune,Dengue,vector-borne,2.0,81692474481576480348.pdf,MH/PNE/2019/41/1325
2019,41,Sangli,Dengue,vector-borne,33.0,81692474481576480348.pdf,MH/SGL/2019/41/1326
2019,42,Ahmednagar,Dengue,vector-borne,27.0,95714695921576827903.pdf,MH/AMN/2019/42/1347
2019,42,Gadchiroli,JE,vector-borne,1.0,95714695921576827903.pdf,MH/GAD/2019/42/1372
2019,42,Latur,Dengue,vector-borne,28.0,95714695921576827903.pdf,MH/LTR/2019/42/1374
2019,42,Latur,Dengue,vector-borne,9.0,95714695921576827903.pdf,MH/LTR/2019/42/1375
2019,43,Jalgaon,Dengue,vector-borne,26.0,5840814251577708329.pdf,MH/JGA/2019/43/1423
2019,43,Nashik,Cholera,water-borne,289.0,5840814251577708329.pdf,MH/NAS/2019/43/1425
2019,43,Sangli,Cholera,water-borne,111.0,5840814251577708329.pdf,MH/SGL/2019/43/1398
2019,43,Sholapur,Dengue,vector-borne,10.0,5840814251577708329.pdf,MH/SHO/2019/43/1426
2019,44,Buldhana,Dengue,vector-borne,98.0,4836479471577875954.pdf,MH/BUL/2019/44/1441
2019,44,Thane,Dengue,vector-borne,25.0,4836479471577875954.pdf,MH/THN/2019/44/1458
2019,45,Sangli,Cholera,water-borne,112.0,57227886241578632023.pdf,MH/SGL/2019/45/1498
2019,45,Sholapur,Dengue,vector-borne,11.0,57227886241578632023.pdf,MH/SHO/2019/45/1500
2019,46,Jalgaon,Dengue,vector-borne,8.0,90035950711578899621.pdf,MH/JGA/2019/46/1530
2019,46,Kolhapur,Dengue,vector-borne,7.0,90035950711578899621.pdf,MH/KOP/2019/46/1531
2019,47,Beed,Dengue,vector-borne,16.0,2211220741579085810.pdf,MH/BED/2019/47/1563
2019,48,Kolhapur,Chikungunya,vector-borne,8.0,73655817411579588506.pdf,MH/KOP/2019/48/1575
2019,49,Palaghar,Dengue,vector-borne,16.0,87432761971580215568.pdf,MH/PLR/2019/49/1622
2019,49,Raigad,"13 00 29-11-19 Poisoning Control with loose stools, vomiting and pain abdomen after consuming food in a social gathering. All cases were treated symptomatically. Health education given. FOLLOW UP OF DISEASE OUTBREAKS PREVIOUS WEEKS Date of Name of No. of No. of Current Unique ID. Name of District Disease/ Illness Start Comments/ Action Taken State/UT Cases Deaths Status Outbreak Cases reported from Village Chhandamunda, SC Bangara, PHC Jari, Block Binjhapur. District RRT investigated the outbreak. State and District NVBDCP officials were (Follow up of 1593 of Under informed. Cases presented with fever and joint pain. A total of Odisha Jajpur Chikungunya",vector-borne,142.0,87432761971580215568.pdf,MH/RGD/2019/49/1623
2019,51,Akola,Mumps,air-borne,26.0,16441864901581914600.pdf,MH/AKL/2019/51/1648
2019,51,Chandrapur,Dengue,vector-borne,34.0,16441864901581914600.pdf,MH/CND/2019/51/1666
2019,51,Chandrapur,Malaria,vector-borne,10.0,16441864901581914600.pdf,MH/CND/2019/51/1665
2019,51,Kolhapur,Chikungunya,vector-borne,7.0,16441864901581914600.pdf,MH/KOP/2019/51/1667
2020,3,Kolhapur,Chikungunya,vector-borne,11.0,39159205151584345522.pdf,MH/KOP/2020/03/0037
2020,4,Chandrapur,Malaria,vector-borne,23.0,76464278111586340109.pdf,MH/CND/2020/04/0072
2020,4,Kolhapur,Dengue,vector-borne,2.0,76464278111586340109.pdf,MH/KOP/2020/04/0054
2020,5,Kolhapur,Chikungunya,vector-borne,2.0,91997163121586426717.pdf,MH/KOP/2020/05/0084
2020,5,Satara,Dengue,vector-borne,6.0,91997163121586426717.pdf,MH/STA/2020/05/0098
2020,5,Thane,Dengue,vector-borne,6.0,91997163121586426717.pdf,MH/THN/2020/05/0099
2020,7,Bhandara,Chickenpox,air-borne,10.0,55963304211589526100.pdf,MH/BNR/2020/07/0145
2020,7,Bhandara,Chickenpox,air-borne,6.0,55963304211589526100.pdf,MH/BNR/2020/07/0146
2020,7,Raigad,"05 00 29-01-20 Measles Surveillance swab and 03 blood samples collected and sent to Haffkine Institute, result awaited. All cases treated. Vitamin A administered to 0-5 year old children in the affected village. Health education given. Cases reported from SSD Girls High School G. PHC/CHC Lamtaput. District RRT investigated the outbreak. A single Acute water and stool sample collected and result awaited. All cases Under OR/KPT/2020/07/0150 Odisha Koraput Diarrhoeal",air-borne,20.0,55963304211589526100.pdf,MH/RGD/2020/07/0149
2020,10,Bhandara,"95 00 26-02-20 social gathering. A total of 03 water samples collected and Poisoning Surveillance sent to DPHL Bhandara and 03 food samples sent to RPHL Nagpur, result awaited. All cases treated. Health camp organized in the affected area. Chlorination of water sources done. Health education given. Cases reported from Ralegaon. District RRT investigated the Under outbreak. Active case search conducted. A total of 05 blood MH/YVT/2020/10/0243 Maharashtra Yavatmal Mumps",air-borne,28.0,34059301592392433.pdf,MH/BNR/2020/10/0242
2020,11,Latur,"10 00 21-02-20 Poisoning Control with nausea, vomiting and headache. A total of 03 samples collected by Food & Drug Department and result awaited. All cases treated. Health education given. Cases reported from Village Ayukudi, PHC Maruvathur, Block Veppur. District RRT investigated the outbreak. A total Under TN/PER/2020/11/0260 Tamil Nadu Perambalur Chickenpox",air-borne,7.0,63008264611592915163.pdf,MH/LTR/2020/11/0259
2020,14,Akola,Chickenpox,air-borne,10.0,75910552131595312482.pdf,MH/AKL/2020/14/257
2020,17,Kolhapur,Dengue,vector-borne,4.0,49994483731596602292.pdf,MH/KOP/2020/17/279
2020,18,Chandrapur,Malaria,vector-borne,35.0,5964152161596712701.pdf,MH/CND/2020/18/298
2020,21,Amravati,Dengue,vector-borne,10.0,21st wk 2020.pdf,MH/AMR/2020/21/321
2020,21,Chandrapur,"42 00 14-05-20 HI- 18.18, CI- 8.33, BI- 27.27. A total of 42 blood smears Chikungunya Control were examined and all were found to be negative. A total of 11 serum samples were tested and of these 03 were positive for Dengue by IgM ELISA, 02 positive for Chikungunya by IgM ELISA. All cases treated. Health Education given. Cases reported from Village Naiknagar, PHC Patan, Taluk Jiwati. District RRT investigated the outbreak. State and District NVBDCP officials were informed. House to house Under survey was conducted. Entomological survey revealed HI- MH/CND/2020/21/327 Maharashtra Chandrapur Chikungunya",vector-borne,54.0,21st wk 2020.pdf,MH/CND/2020/21/326
2020,21,Kolhapur,Chikungunya,vector-borne,17.0,21st wk 2020.pdf,MH/KOP/2020/21/322
2020,22,Chandrapur,Dengue,vector-borne,5.0,12542165061598342727.pdf,MH/CND/2020/22/329
2020,22,Washim,Dengue,vector-borne,6.0,12542165061598342727.pdf,MH/WAS/2020/22/330
2020,23,Kolhapur,Cholera,water-borne,199.0,26841813001598859859.pdf,MH/KOP/2020/23/336
2020,25,Chandrapur,Hepatitis A,water-borne,28.0,72315328771599117641.pdf,MH/CND/2020/25/351
2020,26,Kolhapur,Acute Diarrheal Disease,water-borne,39.0,82652121441599205047.pdf,MH/KOP/2020/26/355
2020,27,Jalgaon,Acute Diarrhoeal Disease,water-borne,74.0,76245669481599205071.pdf,MH/JGA/2020/27/361
2020,29,Dhemaji,Japanese Encephalitis,vector-borne,1.0,75493226621600316927.pdf,MH/AMN/2020/29/374
2020,29,Lakhimpur,Japanese Encephalitis,vector-borne,1.0,75493226621600316927.pdf,MH/AMN/2020/29/375
2020,29,South West Garo Hills,Acute Diarrhoeal Diarrhoea,water-borne,42.0,75493226621600316927.pdf,MH/AMN/2020/29/376
2020,31,Gadchiroli,Malaria,vector-borne,3.0,81792301181601365912.pdf,MH/GAD/2020/31/397
2020,31,Gadchiroli,Malaria,vector-borne,2.0,81792301181601365912.pdf,MH/GAD/2020/31/398
2020,31,Gadchiroli,Malaria,vector-borne,5.0,81792301181601365912.pdf,MH/GAD/2020/31/399
2020,40,Amravati,Dengue,vector-borne,5.0,35786420331606195227.pdf,MH/AMR/2020/40/441
2020,44,Chandrapur,"11 00 27-09-20 29-10-20 with symptoms of vomiting and loose motion. Poisoning Control Water samples collected and sent to RH Saoli. Cases treated symptomatically. Health education given regarding food hygiene and sanitation. Cases reported from Village Ampayali, SC Pannemara, PHC Murumgaon, Block Dhanora. District RRT investigated the outbreak. State and Under MH/GAD/2020/44/457 Maharashtra Gadchiroli Malaria",vector-borne,8.0,90708520581607945512.pdf,MH/CND/2020/44/456
2020,45,Kolhapur,Chikungunya,vector-borne,11.0,57192284951607940109.pdf,MH/KOP/2020/45/465
2020,46,Ahmednagar,Chikungunya,vector-borne,40.0,52195839271608540270.pdf,MH/AMN/2020/46/474
2020,46,Ahmednagar,Chikungunya,vector-borne,25.0,52195839271608540270.pdf,MH/AMN/2020/46/475
2020,48,Ratnagiri,Cholera,water-borne,65.0,14887303501610440276.pdf,MH/RTG/2020/48/486
2020,49,Pune,Dengue,vector-borne,5.0,8181197221610615473.pdf,MH/PNE/2020/49/502
2020,49,Satara,Chikungunya,vector-borne,7.0,8181197221610615473.pdf,MH/STA/2020/49/500
2020,49,Satara,Dengue,vector-borne,27.0,8181197221610615473.pdf,MH/STA/2020/49/503
2020,50,Nashik,Chikungunya,vector-borne,8.0,90829141301611039090.pdf,MH/NAS/2020/50/504
2020,52,Ahmednagar,Chikungunya,vector-borne,14.0,21592462931612246615.pdf,MH/AMN/2020/52/518
2020,52,Nashik,Chikungunya,vector-borne,9.0,21592462931612246615.pdf,MH/NAS/2020/52/519
2021,2,Satara,Dengue,vector-borne,8.0,65498445311614162134.pdf,MH/STA/2021/02/0012
2021,3,Gadchiroli,Malaria,vector-borne,2.0,74204773541614676896.pdf,MH/GAD/2021/03/0022
2021,4,Gadchiroli,Malaria,vector-borne,10.0,4803207561615807414.pdf,MH/GAD/2021/04/0029
2021,5,Satara,Chikungunya,vector-borne,20.0,4197231291617278271.pdf,MH/STA/2021/05/0047
2021,5,Satara,Dysentery,water-borne,35.0,4197231291617278271.pdf,MH/STA/2021/05/0057
2021,5,Satara,Dysentery,water-borne,44.0,4197231291617278271.pdf,MH/STA/2021/05/0058
2021,5,Thane,Malaria,vector-borne,2.0,4197231291617278271.pdf,MH/THN/2021/05/0048
2021,6,Satara,Chikungunya,vector-borne,19.0,63739555761617691316.pdf,MH/STA/2021/06/0066
2021,6,Thane,Chikungunya,vector-borne,2.0,63739555761617691316.pdf,MH/THN/2021/06/0067
2021,7,Satara,Dengue,vector-borne,19.0,40381941051618291545.pdf,MH/STA/2021/07/0084
2021,10,Kolhapur,Chikungunya,vector-borne,6.0,30875961491622115622.pdf,MH/KOP/2021/10/0118
2021,16,Satara,Dengue,vector-borne,7.0,50964838001625218861.pdf,MH/STA/2021/16/0172
2021,20,Nashik,Chikungunya,vector-borne,6.0,77905767661628494849.pdf,MH/NAS/2021/20/0188
2021,22,Bhandara,Acute Diarrhoeal Disease,water-borne,108.0,10751456901629710010.pdf,MH/BNR/2021/22/0206
2021,22,Pune,Chikungunya,vector-borne,6.0,10751456901629710010.pdf,MH/PNE/2021/22/0207
2021,23,Osmanabad,Dengue Fever,vector-borne,7.0,71666443691631189657.pdf,MH/OSM/2021/23/0214
2021,25,Nandurbar,Acute Diarrheal Disease,water-borne,36.0,25286157331631579632.pdf,MH/NDB/2021/25/0235
2021,25,Sindhudurg (Kudal),Dengue,vector-borne,21.0,25286157331631579632.pdf,MH/SIN/2021/25/0236
2021,26,Pune,Dengue,vector-borne,6.0,12830469691632485260.pdf,MH/PNE/2021/26/0266
2021,27,Ahmednagar,Chikungunya,vector-borne,11.0,93858438291632994388.pdf,MH/PLK/2021/27/0277
2021,27,Amravati,Dengue,vector-borne,3.0,93858438291632994388.pdf,MH/PLK/2021/27/0278
2021,27,Satara,Dengue,vector-borne,25.0,93858438291632994388.pdf,MH/PLK/2021/27/0282
2021,28,Akola,Malaria,vector-borne,21.0,47953744461634031895.pdf,MH/AKL/2021/28/0295
2021,28,Amravati,"04 01 11-07-21 16-07-21 Poisoning Surveillance motion.The deceased was a 8 year old female. District RRT investigated the outbreak. Health education was given. Cases reported from Village-Chinchala, PHC Under MH/BED/2021/28/0298 Maharashtra Beed Dysentery",water-borne,135.0,47953744461634031895.pdf,MH/AMR/2021/28/0297
2021,28,Amravati,Dengue,vector-borne,5.0,47953744461634031895.pdf,MH/AMR/2021/28/0296
2021,28,Bhandara,Fever/Dengue,vector-borne,7.0,47953744461634031895.pdf,MH/BNR/2021/28/0299
2021,28,Nagpur,Dengue,vector-borne,9.0,47953744461634031895.pdf,MH/NAG/2021/28/0308
2021,28,Nagpur,Dengue,vector-borne,6.0,47953744461634031895.pdf,MH/NAG/2021/28/0309
2021,29,Chandrapur,Dengue,vector-borne,58.0,42514392891634203744.pdf,MH/CND/2021/29/0324
2021,29,Nagpur,Dengue,vector-borne,4.0,42514392891634203744.pdf,MH/NAG/2021/29/0325
2021,30,Cachar,Japanese Encephalitis,vector-borne,1.0,53945400761634203762.pdf,MH/NAG/2021/30/0326
2021,31,Amravati,Dengue,vector-borne,13.0,74168424891635145233.pdf,MH/AMR/2021/31/0357
2021,31,Beed,Chikungunya,vector-borne,7.0,74168424891635145233.pdf,MH/BED/2021/31/0358
2021,31,Chandrapur,Dengue,vector-borne,4.0,74168424891635145233.pdf,MH/CND/2021/31/0370
2021,31,Chandrapur,Malaria,vector-borne,1.0,74168424891635145233.pdf,MH/CND/2021/31/0359
2021,31,Gadchiroli,Malaria,vector-borne,28.0,74168424891635145233.pdf,MH/GAD/2021/31/0361
2021,31,Kolhapur,Chikungunya,vector-borne,6.0,74168424891635145233.pdf,MH/KOP/2021/31/0362
2021,31,Raigad,Dengue,vector-borne,18.0,74168424891635145233.pdf,MH/RGD/2021/31/0371
2021,31,Satara,Chikungunya,vector-borne,20.0,74168424891635145233.pdf,MH/STA/2021/31/0372
2021,31,Satara,Dengue,vector-borne,6.0,74168424891635145233.pdf,MH/STA/2021/31/0373
2021,31,Wardha,Dengue,vector-borne,4.0,74168424891635145233.pdf,MH/WDH/2021/31/0374
2021,32,Kolhapur,Acute Diarrheal Disease,water-borne,215.0,60690508801635853024.pdf,MH/KOP/2021/32/0377
2021,32,Thane,Chikungunya,vector-borne,6.0,60690508801635853024.pdf,MH/THN/2021/32/0378
2021,33,Chandrapur,Malaria,vector-borne,7.0,71204470671637580725.pdf,MH/CND/2021/33/0396
2021,34,Amravati,Dengue,vector-borne,22.0,79268315211637580936.pdf,MH/AMR/2021/34/0414
2021,34,Pune,Chikungunya,vector-borne,7.0,79268315211637580936.pdf,MH/PNE/2021/34/0415
2021,34,Satara,Dengue,vector-borne,9.0,79268315211637580936.pdf,MH/STA/2021/34/0416
2021,34,Satara,Dengue,vector-borne,6.0,79268315211637580936.pdf,MH/STA/2021/34/0417
2021,35,Akola,Dengue,vector-borne,3.0,67323893291638446578.pdf,MH/AKL/2021/35/0422
2021,36,Jalgaon,Dengue,vector-borne,54.0,7803926841638446619.pdf,MH/JGA/2021/36/0450
2021,38,Gadchiroli,Scrub Typhus,vector-borne,18.0,12628276741640844117.pdf,MH/GAD/2021/38/0481
2021,39,Osmanabad,Chikungunya,vector-borne,15.0,78048457291640928892.pdf,MH/OSM/2021/39/0490
2021,40,Beed,"19 00 03-10-21 05-10-21 Chikungunya Surveillance found positive for Chikungunya by IgM ELISA. District RRT investigated the outbreak. Anti- larval spray was used and fogging was done. Health education was given regarding vector control measures. Cases reported from Village/SC Khedegaon, PHC Deulgaon, Block Kurkheda, District Gadchiroli. Cases presented with fever, headache and retro-orbital pain. Six blood samples were collected and sent to GH Gadchiroli. Of these, three were found to be positive for Dengue by MH/GAD/2021/40/0520 Maharashtra Gadchiroli Dengue",vector-borne,4.0,90987822861641383977.pdf,MH/BED/2021/40/0519
2021,40,Chandrapur,"06 01 30-08-21 Illness Surveillance negative. The deceased case was a 26 years old male. District RRT investigated the outbreak. Health education was given. Cases reported from Village Kharkada, SC Jiwanapur, PHC Wadhona, Taulka Nagbhid, District Chandrapur. Cases presented with fever and chills. 13 blood samples were collected and sent to GMC Gadchiroli. Of these, nine Under MH/CND/2021/40/0536 Maharashtra Chandrapur Malaria",vector-borne,9.0,90987822861641383977.pdf,MH/CND/2021/40/0535
2021,40,Chandrapur,Dengue,vector-borne,7.0,90987822861641383977.pdf,MH/CND/2021/40/0534
2021,40,Osmanabad,Chikungunya,vector-borne,5.0,90987822861641383977.pdf,MH/OSM/2021/40/0537
2021,41,Beed,Dengue,vector-borne,6.0,11273184721641384072.pdf,MH/BED/2021/41/0549
2021,42,Thane,Dengue,vector-borne,5.0,49912946621641555899.pdf,MH/THN/2021/42/0586
2021,43,Gadchiroli,Malaria,vector-borne,10.0,12385261621641816039.pdf,MH/GAD/2021/43/0594
2021,44,Gadchiroli,Malaria,vector-borne,1.0,4597934061641988247.pdf,MH/GAD/2021/44/0609
2021,44,Thane,Dengue,vector-borne,1.0,4597934061641988247.pdf,MH/THN/2021/44/0610
2021,45,Kolhapur,Cholera,water-borne,66.0,37476946981642145276.pdf,MH/KOP/2021/45/0623
2021,45,Satara,Chikungunya,vector-borne,5.0,37476946981642145276.pdf,MH/STA/2021/45/0624
2021,45,Satara,Dengue,vector-borne,14.0,37476946981642145276.pdf,MH/STA/2021/45/0637
2021,46,Kolhapur,Cholera,water-borne,3.0,37155971601642407309.pdf,MH/KOP/2021/46/0647
2021,46,Raigad,Malaria,vector-borne,19.0,37155971601642407309.pdf,MH/RGD/2021/46/0648
2021,47,Nanded,Chikungunya,vector-borne,9.0,99070210871642594974.pdf,MH/NAN/2021/47/0666
2021,47,Thane,Dengue,vector-borne,1.0,99070210871642594974.pdf,MH/THN/2021/47/0667
2021,49,Akola,Chikungunya,vector-borne,10.0,63934703921642751757.pdf,MH/AKL/2021/49/0692
2021,50,Kolhapur,Chikungunya,vector-borne,6.0,67474475281643264551.pdf,MH/KOP/2021/50/0705
2021,50,Satara,Chikungunya,vector-borne,8.0,67474475281643264551.pdf,MH/STA/2021/50/0711
2021,50,Satara,Dengue,vector-borne,10.0,67474475281643264551.pdf,MH/STA/2021/50/0710
2021,50,Satara,Dengue,vector-borne,3.0,67474475281643264551.pdf,MH/STA/2021/50/0712
2021,50,Satara,Dengue,vector-borne,5.0,67474475281643264551.pdf,MH/STA/2021/50/0713
2022,2,Gadchiroli,Malaria,vector-borne,7.0,7295787021644495213.pdf,MH/GAD/2022/02/004
2022,6,Gadchiroli,Malaria,vector-borne,1.0,50723308761648360611.pdf,MH/FAT/2022/06/026
2022,11,Akola,Chickenpox,air-borne,5.0,17777132131651643473.pdf,MH/AKL/2022/11/078
2022,11,Akola,Chikungunya,vector-borne,9.0,17777132131651643473.pdf,MH/AKL/2022/11/079
2022,12,Raigad,Dengue,vector-borne,11.0,47642712261652251458.pdf,MH/RGD/2022/12/096
2022,13,Akola,Chikungunya,vector-borne,3.0,27714369291652936295.pdf,MH/AKL/2022/13/113
2022,19,Jalgaon,Dengue,vector-borne,9.0,25831535421658994103.pdf,MH/JGA/2022/19/248
2022,19,Nashik,Chikungunya,vector-borne,6.0,25831535421658994103.pdf,MH/NAS/2022/19/249
2022,20,Pune,Dengue,vector-borne,21.0,17460277921659429678.pdf,MH/PNE/2022/20/290
2022,20,Pune,Dengue,vector-borne,12.0,17460277921659429678.pdf,MH/PNE/2022/20/302
2022,21,Chandrapur,Malaria,vector-borne,13.0,48206806551659700618.pdf,MH/CND/2022/21/32
2022,22,Gadchiroli,Malaria,vector-borne,196.0,69983681661495600.pdf,MH/GAD/2022/22/371
2022,22,Gadchiroli,Malaria,vector-borne,114.0,69983681661495600.pdf,MH/GAD/2022/22/372
2022,22,Satara,Chikungunya,vector-borne,5.0,69983681661495600.pdf,MH/STA/2022/22/375
2022,23,Chandrapur,Malaria,vector-borne,3.0,1409615621661929367.pdf,MH/CND/2022/23/422
2022,23,Jalgaon,Chikungunya,vector-borne,9.0,1409615621661929367.pdf,MH/JGA/2022/23/442
2022,23,Satara,Chikungunya,vector-borne,5.0,1409615621661929367.pdf,MH/STA/2022/23/424
2022,25,Pune,Dengue,vector-borne,7.0,10534460671663568873.pdf,MH/WAS/2022/25/478
2022,26,Chandrapur,Malaria,vector-borne,2.0,97322230781664263759.pdf,MH/CND/2022/26/507
2022,28,Chandrapur,Malaria,vector-borne,4.0,83459743991665057580.pdf,MH/CND/2022/28/547
2022,28,Pune,"06 00 28-06-22 Dengue and one for Chikungunya by IgM ELISA. District Chikungunya Control RRT investigated the outbreak. Larva and fever survey was conducted. Outdoor fogging in the village was done. Health education was given regarding the importance of vector control measures. Cases reported from Village Bajapur, Madhupur Block. Cases presented with loose stools and abdominal pain. Acute District RRT investigated the outbreak and house to house Under OR/AGL/2022/28/556 Odisha Angul Diarrheal",vector-borne,85.0,83459743991665057580.pdf,MH/PNE/2022/28/555
2022,30,Washim,Cholera,water-borne,2.0,79431194251666685561.pdf,MH/WAS/2022/30/590
2022,34,Nashik,Cholera,water-borne,10.0,73482782211667971918.pdf,MH/NAS/2022/34/669
2022,35,Ahmednagar,"04 00 19-08-2022 ELISA and three were found positive for Chikungunya by Chikungunya Control IgM ELISA. District RRT investigated the outbreak. Survey of the area and fogging was done. Breeding sources were eliminated. Health education was given regarding the importance of vector control measures. Cases reported from UPHC Banboolpura, Subdistrict Haldwani, District Nainital. Cases presented with fever with rashes. Two blood samples were sent for lab analysis and Under both were found positive for Measles by IgM ELISA. UK/NAI/2022/35/709 Uttarakhand Nainital Measles",vector-borne,6.0,94446467611669198494.pdf,MH/AMN/2022/35/708
2022,35,Ahmednagar,Dengue,vector-borne,3.0,94446467611669198494.pdf,MH/AMN/2022/35/707
2022,38,Chandrapur,Dengue,vector-borne,17.0,78391596911671087086.pdf,MH/CND/2022/38/767
2022,38,Chandrapur,Malaria,vector-borne,14.0,78391596911671087086.pdf,MH/CND/2022/38/768
2022,39,Aurangabad,"7 0 27-09-22 27-09-22 Under Control enteropathogenic organism was isolated from Poisoning them. District RRT investigated the outbreak. Health education was given on the importance of safe drinking water, food hygiene and sanitation. Cases reported from Village Ambedkar Nagar Unit-3, Semiliguda, District Koraput. Cases presented with fever and bodyache. 17 blood samples were sent to DPHL, Koraput. Of these, two samples were found positive for Suspected Under Dengue by NS1 antigen test. The deceased OR/KPT/2022/39/791 Odisha Koraput",vector-borne,10.0,11984820951671616638.pdf,MH/AGB/2022/39/790
2022,40,Pune,Dengue,vector-borne,20.0,42160159931671776389.pdf,MH/PNE/2022/40/803
2022,41,Pune,Dengue,vector-borne,16.0,51700607561672038266.pdf,MH/PNE/2022/41/825
2022,42,Pune,Dengue,vector-borne,10.0,1430537991672296570.pdf,MH/PNE/2022/42/834
2022,42,Pune,Dengue,vector-borne,10.0,1430537991672296570.pdf,MH/PNE/2022/42/839
2022,42,Sangli,Dengue,vector-borne,12.0,1430537991672296570.pdf,MH/SGL/2022/42/835
2022,44,Pune,Dengue,vector-borne,7.0,8511094351673004835.pdf,MH/NGP/2022/44/866
2022,44,Sangli,Dengue,vector-borne,36.0,8511094351673004835.pdf,MH/NGP/2022/44/867
2022,46,Aurangabad,Dengue,vector-borne,2.0,60008466191674111579.pdf,MH/AGB/2022/46/913
2022,46,Dhule,Dengue,vector-borne,4.0,60008466191674111579.pdf,MH/DHL/2022/46/914
2022,46,Kolhapur,Cholera,water-borne,233.0,60008466191674111579.pdf,MH/KOP/2022/46/915
2022,46,Nashik,Cholera,water-borne,58.0,60008466191674111579.pdf,MH/NAS/2022/46/916
2022,46,Nashik,Cholera,water-borne,52.0,60008466191674111579.pdf,MH/NAS/2022/46/917
2022,46,Parbhani,Chikungunya,vector-borne,76.0,60008466191674111579.pdf,MH/PRB/2022/46/918
2022,46,Thane,Dengue,vector-borne,1.0,60008466191674111579.pdf,MH/THN/2022/46/919
2022,47,Kolhapur,Dengue,vector-borne,5.0,39954396811675250534.pdf,MH/KOP/2022/47/935
2022,49,Kolhapur,Dengue,vector-borne,32.0,16602315821676010289.pdf,MH/KOP/2022/49/984
2022,51,Aurangabad,Measles,air-borne,6.0,37421173271676361045.pdf,MH/AGB/2022/51/1003
2023,1,Thane,Dengue,vector-borne,3.0,56953886141677569586.pdf,MH/THN/2023/01/26
2023,2,Nanded,Measles,air-borne,3.0,5598982481677737839.pdf,MH/NAN/2023/02/45
2023,2,Nanded,Measles,air-borne,3.0,5598982481677737839.pdf,MH/NAN/2023/02/46
2023,2,Nanded,Measles,air-borne,3.0,5598982481677737839.pdf,MH/NAN/2023/02/47
2023,3,Aurangabad,Measles,air-borne,14.0,59609550111678770735.pdf,MH/AGB/2023/03/65
2023,5,Ahmednagar,Dengue,vector-borne,2.0,4298719451679310429.pdf,MH/AMN/2023/05/116
2023,5,Latur,Measles,air-borne,7.0,4298719451679310429.pdf,MH/LTR/2023/05/106
2023,7,Osmanabad,"13 00 19-02-2023 19-02-2023 Poisoning Control surveillance was done by ASHA and health staff. The most affected age group was 51-60 years. Symptomatic treatment was given. ORS sachets and halogen tablets were distributed. Health education was given on the importance of safe drinking water, food hygiene and sanitation. Cases reported from Purubai Sebashram School (Orphan home located in Urban area), CHC Soro, District Balasore. Cases presented with fever. Eleven blood samples were collected and sent to Sriram Chandra Bhanj Medical College & Hospital, Cuttack. Of these, three samples were found positive for Japanese Japanese Under Encephalitis by IgM ELISA. District RRT OR/BSR/2023/07/148 Odisha Balasore",water-borne,12.0,92837229251680676582.pdf,MH/OSM/2023/07/147
2023,7,Solapur,"66 00 02-02-2023 Poisoning Control to house surveillance was done. OT test of drinking water was found to be positive for chlorine content. Most affected age group was 50-60 years. Symptomatic treatment was given. ORS sachets and halogen tablets were distributed. Health education was given on the importance of safe drinking water, food hygiene and sanitation. Cases reported from SC Mahakhala, Baba Bhairabananda Auto College Chandikhole, PHC Darpan, Block Badachana, District Jajpur. Cases presented with fever, jaundice and loose stools. Five water samples were collected for lab analysis and all were found to be contaminated by H2S test.18 blood samples were tested at RMRC, Bhubaneshwar. Of these, 16 samples were Under found positive for Hepatitis A by HAV IgM. District RRT OR/JAJ/2023/07/158 Odisha Jajpur Hepatitis A",water-borne,19.0,92837229251680676582.pdf,MH/SHO/2023/07/157
2023,13,Pune,Measles,air-borne,5.0,19237813091684214647.pdf,MH/PNE/2023/13/262
2023,13,Pune,Measles,air-borne,8.0,19237813091684214647.pdf,MH/PNE/2023/13/263
2023,17,Nanded,Dengue,vector-borne,13.0,48854385361688450498.pdf,MH/NAN/2023/17/338
2023,22,Gadchiroli,Malaria,vector-borne,19.0,9050581631691147080.pdf,MH/GAD/2023/22/461
2023,22,Gadchiroli,Malaria,vector-borne,6.0,9050581631691147080.pdf,MH/GAD/2023/22/485
2023,22,Gadchiroli,Malaria,vector-borne,21.0,9050581631691147080.pdf,MH/GAD/2023/22/486
2023,24,Osmanabad,Dengue,vector-borne,10.0,23869537881693295660.pdf,MH/OSM/2023/24/530
2023,24,Washim,Dengue,vector-borne,48.0,23869537881693295660.pdf,MH/WAS/2023/24/532
2023,25,Gadchiroli,Malaria,vector-borne,37.0,3934934481693388430.pdf,MH/GAD/2023/25/587
2023,25,Kolhapur,Dengue,vector-borne,79.0,3934934481693388430.pdf,MH/KOP/2023/25/589
2023,25,Kolhapur,Dengue,vector-borne,34.0,3934934481693388430.pdf,MH/KOP/2023/25/590
2023,25,Osmanabad,Chikungunya,vector-borne,6.0,3934934481693388430.pdf,MH/OSM/2023/25/591
2023,25,Pune,Dengue,vector-borne,9.0,3934934481693388430.pdf,MH/PNE/2023/25/592
2023,26,Chandrapur,Malaria,vector-borne,42.0,26th wk 2023-1.pdf,MH/CND/2023/26/648
2023,26,Pune,Dengue,vector-borne,5.0,26th wk 2023-1.pdf,MH/PNE/2023/26/651
2023,26,Satara,Dengue,vector-borne,5.0,26th wk 2023-1.pdf,MH/STA/2023/26/664
2023,26,Thane,Dengue,vector-borne,8.0,26th wk 2023-1.pdf,MH/THN/2023/26/665
2023,27,Akola,Dengue,vector-borne,17.0,27th wk 2023-1.pdf,MH/AKL/2023/27/695
2023,27,Amravati,Malaria,vector-borne,46.0,27th wk 2023-1.pdf,MH/AMR/2023/27/696
2023,27,Kolhapur,Dengue,vector-borne,44.0,27th wk 2023-1.pdf,MH/KOP/2023/27/697
2023,27,Latur,Chikungunya,vector-borne,9.0,27th wk 2023-1.pdf,MH/LTR/2023/27/698
2023,27,Satara,Chikungunya,vector-borne,6.0,27th wk 2023-1.pdf,MH/STA/2023/27/700
2023,27,Satara,Dengue,vector-borne,5.0,27th wk 2023-1.pdf,MH/STA/2023/27/711
2023,27,Sindhudurg,Dengue,vector-borne,10.0,27th wk 2023-1.pdf,MH/SIN/2023/27/712
2023,28,Jalna,Dengue,vector-borne,10.0,28th wk 2023.pdf,MH/JLN/2023/28/741
2023,28,Palaghar,Dengue,vector-borne,12.0,28th wk 2023.pdf,MH/PLR/2023/28/742
2023,29,Gadchiroli,Dengue,vector-borne,44.0,29th wk 2023-1.pdf,MH/GAD/2023/29/795
2023,29,Osmanabad,Dengue,vector-borne,7.0,29th wk 2023-1.pdf,MH/OSM/2023/29/796
2023,30,Bhandara,Dengue,vector-borne,30.0,30th wk 2023.pdf,MH/BNR/2023/30/835
2023,30,Buldhana,Dengue,vector-borne,33.0,30th wk 2023.pdf,MH/BUL/2023/30/855
2023,30,Nagpur,Dengue,vector-borne,91.0,30th wk 2023.pdf,MH/NAG/2023/30/836
2023,30,Osmanabad,Dengue,vector-borne,9.0,30th wk 2023.pdf,MH/OSM/2023/30/837
2023,30,Raigad,Dengue,vector-borne,11.0,30th wk 2023.pdf,MH/RGD/2023/30/838
2023,31,Aurangabad,Dengue,vector-borne,11.0,31st wk 2023.pdf,MH/AGB/2023/31/884
2023,32,Gondia,Malaria,vector-borne,64.0,32nd wk 2023-1.pdf,MH/GOD/2023/32/945
2023,32,Satara,Dengue,vector-borne,5.0,32nd wk 2023-1.pdf,MH/STA/2023/32/946
2023,33,Beed,Dengue,vector-borne,17.0,33666127771697525084.pdf,MH/BED/2023/33/984
2023,33,Beed,Dengue,vector-borne,7.0,33666127771697525084.pdf,MH/BED/2023/33/985
2023,33,Gadchiroli,Dengue,vector-borne,34.0,33666127771697525084.pdf,MH/GAD/2023/33/987
2023,33,Gadchiroli,Dengue,vector-borne,11.0,33666127771697525084.pdf,MH/GAD/2023/33/988
2023,33,Gadchiroli,Malaria,vector-borne,2.0,33666127771697525084.pdf,MH/GAD/2023/33/986
2023,33,Jalna,Dengue,vector-borne,5.0,33666127771697525084.pdf,MH/JLN/2023/33/989
2023,34,Aurangabad,Dengue,vector-borne,19.0,1036560991697701673.pdf,MH/AGB/2023/34/1038
2023,34,Bhandara,Malaria,vector-borne,4.0,1036560991697701673.pdf,MH/BNR/2023/34/1040
2023,34,Kolhapur,Dengue,vector-borne,43.0,1036560991697701673.pdf,MH/KOP/2023/34/1041
2023,35,Gadchiroli,"2 0 28-08-23 29-08-23 AIIMS Nagpur, both were found to be positive Typhus Control for scrub typhus by IgM ELISA. District RRT investigated the outbreak. Community awareness and health education given by peripheral health team on scrub typhus. Active surveillance was done. Cutting of grasses was done. Malathion powder was sprayed. Cases Reported from A/P Kurundwad, ZP Dispensary Kurundwad, Taluk Shirol. Cases presented with Only fever. 2 blood samples were sent to SSH CPRH, all were found to be negative for dengue. District RRT investigated the outbreak. Community awareness and Under MH/KOP/2023/35/1113 Maharashtra Kolhapur Fever",vector-borne,19.0,6334518031698667764.pdf,MH/GAD/2023/35/1112
2023,35,Kolhapur,Dengue,vector-borne,56.0,6334518031698667764.pdf,MH/KOP/2023/35/1114
2023,35,Osmanabad,Dengue,vector-borne,10.0,6334518031698667764.pdf,MH/OSM/2023/35/1116
2023,35,Osmanabad,Dengue,vector-borne,18.0,6334518031698667764.pdf,MH/OSM/2023/35/1117
2023,35,Raigad,Dengue,vector-borne,10.0,6334518031698667764.pdf,MH/RGD/2023/35/1118
2023,35,Sindhudurg,Malaria,vector-borne,15.0,6334518031698667764.pdf,MH/SIN/2023/35/1120
2023,36,Kolhapur,Dengue,vector-borne,22.0,128660161699611747.pdf,MH/KOP/2023/36/1180
2023,36,Kolhapur,Zika Virus,vector-borne,3.0,128660161699611747.pdf,MH/KOP/2023/36/1179
2023,36,Pune,Dengue,vector-borne,29.0,128660161699611747.pdf,MH/PNE/2023/36/1181
2023,36,Yavatmal,Dengue,vector-borne,7.0,128660161699611747.pdf,MH/YVT/2023/36/1183
2023,37,Amravati,Dengue,vector-borne,10.0,47975176701700192645.pdf,MH/AMR/2023/37/1229
2023,37,Beed,Dengue,vector-borne,5.0,47975176701700192645.pdf,MH/BED/2023/37/1231
2023,37,Beed,Dengue,vector-borne,5.0,57241746311700469239.pdf,MH/BED/2023/37/1285
2023,37,Chandrapur,Dengue,vector-borne,9.0,57241746311700469239.pdf,MH/CND/2023/37/1286
2023,37,Chandrapur,Malaria,vector-borne,14.0,57241746311700469239.pdf,MH/CND/2023/37/1287
2023,37,Jalgaon,Dengue,vector-borne,40.0,57241746311700469239.pdf,MH/JGA/2023/37/1288
2023,37,Jalna,Dengue,vector-borne,6.0,47975176701700192645.pdf,MH/JLN/2023/37/1255
2023,37,Latur,Dengue,vector-borne,4.0,47975176701700192645.pdf,MH/LTR/2023/37/1232
2023,37,Parbhani,Dengue,vector-borne,24.0,47975176701700192645.pdf,MH/PRB/2023/37/1233
2023,37,Parbhani,Dengue,vector-borne,13.0,57241746311700469239.pdf,MH/PRB/2023/37/1289
2023,37,Parbhani,Dengue,vector-borne,6.0,57241746311700469239.pdf,MH/PRB/2023/37/1290
2023,37,Pune,Chikungunya,vector-borne,9.0,47975176701700192645.pdf,MH/PNE/2023/37/1234
2023,37,Raigad,Dengue,vector-borne,3.0,47975176701700192645.pdf,MH/RGD/2023/37/1236
2023,37,Raigad,Malaria,vector-borne,4.0,47975176701700192645.pdf,MH/RGD/2023/37/1235
2023,37,Thane,Dengue,vector-borne,7.0,57241746311700469239.pdf,MH/THN/2023/37/1291
2023,37,Thane,Dengue,vector-borne,5.0,57241746311700469239.pdf,MH/THN/2023/37/1292
2023,37,Thane,Malaria,vector-borne,3.0,47975176701700192645.pdf,MH/THN/2023/37/1237
2023,37,Washim,Dengue,vector-borne,9.0,47975176701700192645.pdf,MH/WAS/2023/37/1238
2023,39,Aurangabad,Dengue,vector-borne,3.0,39th wk 2023-1.pdf,MH/AGB/2023/39/1336
2023,39,Beed,Dengue,vector-borne,10.0,39th wk 2023-1.pdf,MH/BED/2023/39/1337
2023,39,Thane,Dengue,vector-borne,6.0,39th wk 2023-1.pdf,MH/THN/2023/39/1349
2023,40,Amravati,Dengue,vector-borne,26.0,40th wk 2023.pdf,MH/AMR/2023/40/1380
2023,40,Beed,Dengue,vector-borne,5.0,40th wk 2023.pdf,MH/BED/2023/40/1381
2023,40,Nagpur,Dengue,vector-borne,89.0,40th wk 2023.pdf,MH/NAG/2023/40/1382
2023,40,Raigad,Dengue,vector-borne,6.0,40th wk 2023.pdf,MH/RGD/2023/40/1383
2023,40,Sangli,Zika Virus,vector-borne,1.0,40th wk 2023.pdf,MH/SGL/2023/40/1384
2023,40,Satara,Chikungunya,vector-borne,13.0,40th wk 2023.pdf,MH/STA/2023/40/1399
2023,40,Thane,Dengue,vector-borne,3.0,40th wk 2023.pdf,MH/THN/2023/40/1385
2023,40,Thane,Dengue,vector-borne,7.0,40th wk 2023.pdf,MH/THN/2023/40/1386
2023,41,Aurangabad,Dengue,vector-borne,4.0,41st wk 2023.pdf,MH/AGB/2023/41/1429
2023,41,Buldhana,Dengue,vector-borne,24.0,41st wk 2023.pdf,MH/BUL/2023/41/1430
2023,41,Pune,Dengue,vector-borne,59.0,41st wk 2023.pdf,MH/PNE/2023/41/1431
2023,42,Aurangabad,Dengue,vector-borne,5.0,17113853891702917780.pdf,MH/AGB/2023/42/1476
2023,42,Beed,Dengue,vector-borne,5.0,17113853891702917780.pdf,MH/BED/2023/42/1477
2023,42,Beed,Dengue,vector-borne,5.0,17113853891702917780.pdf,MH/BED/2023/42/1478
2023,42,Dhule,Dengue,vector-borne,12.0,17113853891702917780.pdf,MH/DHL/2023/42/1479
2023,42,Dhule,Dengue,vector-borne,18.0,17113853891702917780.pdf,MH/DHL/2023/42/1480
2023,42,Gadchiroli,Dengue,vector-borne,3.0,17113853891702917780.pdf,MH/GAD/2023/42/1481
2023,42,Kolhapur,Chikungunya,vector-borne,145.0,17113853891702917780.pdf,MH/KOP/2023/42/1482
2023,42,Nagpur,Dengue,vector-borne,9.0,17113853891702917780.pdf,MH/NAG/2023/42/1483
2023,42,Nanded,Dengue,vector-borne,8.0,17113853891702917780.pdf,MH/NAN/2023/42/1484
2023,42,Nanded,Dengue,vector-borne,6.0,17113853891702917780.pdf,MH/NAN/2023/42/1485
2023,42,Nanded,Dengue,vector-borne,11.0,17113853891702917780.pdf,MH/NAN/2023/42/1507
2023,42,Nanded,Dengue,vector-borne,12.0,17113853891702917780.pdf,MH/NAN/2023/42/1508
2023,42,Osmanabad,"11 1 17-10-23 18-10-23 peripheral health team on dengue and Chikungunya Control chikungunya. Fever and container survey were conducted in the area and surrounding areas, and preventive and curative measures were taken. Daily entomological surveys were conducted. Fogging, source reduction were done. Death of a 12 year old female has occurred due to the illness (positive for dengue). Cases reported from Village Taroda, SC Taroda, PHC Jamb, Block Parbhani. Cases presented with symptoms of fever, headache, nausea & body ache. Total 19 blood/serum samples were sent to SSH District Hospital Parbhani, out of which 1 sample was positive for dengue NS1 Ag by RDT. District RRT investigated the outbreak. Community Under awareness and health education given by MH/PRB/2023/42/1487 Maharashtra Parbhani Dengue",vector-borne,19.0,17113853891702917780.pdf,MH/OSM/2023/42/1486
2023,42,Thane,Dengue,vector-borne,1.0,17113853891702917780.pdf,MH/THN/2023/42/1488
2023,42,Thane,Dengue,vector-borne,10.0,17113853891702917780.pdf,MH/THN/2023/42/1510
2023,43,Akola,Dengue,vector-borne,8.0,43rd wk 2023.pdf,MH/AKL/2023/43/1533
2023,43,Akola,Dengue,vector-borne,9.0,43rd wk 2023.pdf,MH/AKL/2023/43/1534
2023,43,Amravati,Dengue,vector-borne,5.0,43rd wk 2023.pdf,MH/AMR/2023/43/1535
2023,43,Aurangabad,Dengue,vector-borne,17.0,43rd wk 2023.pdf,MH/AGB/2023/43/1536
2023,43,Beed,Dengue,vector-borne,3.0,43rd wk 2023.pdf,MH/BED/2023/43/1537
2023,43,Beed,Dengue,vector-borne,1.0,43rd wk 2023.pdf,MH/BED/2023/43/1538
2023,43,Osmanabad,Dengue,vector-borne,6.0,43rd wk 2023.pdf,MH/OSM/2023/43/1540
2023,43,Satara,Chikungunya,vector-borne,6.0,43rd wk 2023.pdf,MH/STA/2023/43/1541
2023,44,Ahmednagar,Dengue,vector-borne,26.0,11684956991704779982.pdf,MH/AMN/2023/44/1573
2023,44,Kolhapur,Zika Virus,vector-borne,5.0,11684956991704779982.pdf,MH/KOP/2023/44/1574
2023,44,Nandurbar,Dengue,vector-borne,11.0,11684956991704779982.pdf,MH/NDB/2023/44/1575
2023,44,Nandurbar,Dengue,vector-borne,16.0,11684956991704779982.pdf,MH/NDB/2023/44/1586
2023,44,Thane,Dengue,vector-borne,3.0,11684956991704779982.pdf,MH/THN/2023/44/1576
2023,45,Beed,Dengue,vector-borne,5.0,58496833651705032329.pdf,MH/BED/2023/45/1613
2023,45,Beed,Dengue,vector-borne,5.0,58496833651705032329.pdf,MH/BED/2023/45/1630
2023,45,Nagpur,Scrub Typhus,vector-borne,3.0,58496833651705032329.pdf,MH/NAG/2023/45/1614
2023,45,Nanded,Dengue,vector-borne,10.0,58496833651705032329.pdf,MH/NAN/2023/45/1615
2023,45,Nanded,Dengue,vector-borne,6.0,58496833651705032329.pdf,MH/NAN/2023/45/1631
2023,45,Nanded,Dengue,vector-borne,12.0,58496833651705032329.pdf,MH/NAN/2023/45/1632
2023,45,Osmanabad,Dengue,vector-borne,31.0,58496833651705032329.pdf,MH/OSM/2023/45/1616
2023,45,Sangli,Dengue,vector-borne,6.0,58496833651705032329.pdf,MH/SGL/2023/45/1617
2023,45,Satara,Dengue,vector-borne,16.0,58496833651705032329.pdf,MH/STA/2023/45/1618
2023,47,Nashik,Dengue,vector-borne,13.0,47th wk 2023-2.pdf,MH/NAS/2023/47/1700
2023,47,Raigad,Malaria,vector-borne,3.0,47th wk 2023-2.pdf,MH/RGD/2023/47/1683
2023,48,Gadchiroli,Malaria,vector-borne,4.0,48th wk 2023-1.pdf,MH/GAD/2023/48/1729
2023,49,Gadchiroli,Malaria,vector-borne,10.0,49th wk 2023-1.pdf,MH/GAD/2023/49/1753
2023,49,Nanded,Mumps,air-borne,7.0,49th wk 2023-1.pdf,MH/NAN/2023/49/1754
2023,49,Pune,Dengue,vector-borne,7.0,49th wk 2023-1.pdf,MH/PNE/2023/49/1755
2023,49,Pune,Dengue,vector-borne,7.0,49th wk 2023-1.pdf,MH/PNE/2023/49/1766
2023,49,Thane,Dengue,vector-borne,8.0,49th wk 2023-1.pdf,MH/THN/2023/49/1756
2023,50,Amravati,Malaria,vector-borne,17.0,50th wk 2023.pdf,MH/AMR/2023/50/1789
2023,50,Gadchiroli,Malaria,vector-borne,6.0,50th wk 2023.pdf,MH/GAD/2023/50/1791
2023,50,Nashik,Zika Virus,vector-borne,1.0,50th wk 2023.pdf,MH/NAS/2023/50/1801
2023,50,Palghar,Dengue,vector-borne,7.0,50th wk 2023.pdf,MH/PLR/2023/50/1792
2023,51,Nashik,Chikungunya,vector-borne,8.0,51st wk 2023-1.pdf,MH/NAS/2023/51/1828
2023,51,Raigad,Dengue,vector-borne,1.0,51st wk 2023-1.pdf,MH/RGD/2023/51/1829
2023,51,Sangli,Mumps,air-borne,9.0,51st wk 2023-1.pdf,MH/SGL/2023/51/1830
2023,51,Satara,Chikungunya,vector-borne,5.0,51st wk 2023-1.pdf,MH/STA/2023/51/1838
2024,1,Gadchiroli,Malaria,vector-borne,191.0,1st wk 2024_rev-1.pdf,MH/GAD/2024/01/15
2024,1,Gadchiroli,Malaria,vector-borne,385.0,1st wk 2024_rev-1.pdf,MH/GAD/2024/01/16
2024,1,Gondia,Malaria,vector-borne,28.0,1st wk 2024_rev-1.pdf,MH/GOD/2024/01/17
2024,1,Nagpur,Scrub Typhus,vector-borne,9.0,1st wk 2024_rev-1.pdf,MH/NAG/2024/01/20
2024,2,Kolhapur,Hepatitis A,water-borne,42.0,2nd wk 2024-1.pdf,MH/KOP/2024/02/45
2024,3,Thane,Dengue,vector-borne,5.0,3rd wk 2024.pdf,MH/THN/2024/03/0568
2024,3,Thane,Dengue,vector-borne,13.0,3rd wk 2024.pdf,MH/THN/2024/03/082
2024,4,Buldhana,Mumps,air-borne,5.0,81470887121748948191.pdf,MH/BUL/2024/04/098
2024,4,Palghar,Dengue,vector-borne,16.0,81470887121748948191.pdf,MH/PLR/2024/04/099
2024,5,Kolhapur,"101 0 03-02-2024 03-02-2024 investigated the outbreak. Community A&E Surveillance awareness and health education given by peripheral health team on hygiene, and sanitation. Valve leakages were repaired. House to house survey and chlorination of water samples were carried out. Rapid & Daily Surveillance were carried out from the onset of cases, interruption of transmission by preventing the disease through Personal Protection. Medichlor was distributed. End pipeline was flushed out. The outbreak might be caused by pipeline leakage. Cases reported from a school in Bhatsai Village, Taluka Shahapur, PHC Vashind. Cases presented with symptoms of vomiting and Acute dysentery etc. the affected age group was 10-40 Under MH/THN/2024/05/136 Maharashtra Thane Diarrheal",water-borne,110.0,5th wk 2024 (1).pdf,MH/KOP/2024/05/135
2024,6,Osmanabad,Dengue,vector-borne,9.0,6th wk 2024.pdf,MH/OSM/2024/06/184
2024,6,Parbhani,"19 0 07-02-2024 09-02-2024 developed the symptoms after having food in a Poisoning Control religious function. Age group of the affected cases were 20-65 years. No deaths reported. Community awareness and health education given by peripheral team on hygiene and sanitation. Cases were reported from Village Sonna, Sub- district Parbhani, District Parbhani. Cases presented with nausea, vomiting and headache. District RRT investigated the outbreak. Cases were treated symptomatically. All the cases Food Under MH/PRB/2024/06/187 Maharashtra Parbhani",water-borne,629.0,6th wk 2024.pdf,MH/PRB/2024/06/186
2024,7,Osmanabad,Malaria,vector-borne,9.0,7th wk 2024.pdf,MH/OSM/2024/07/226
2024,7,Raigad,Dengue,vector-borne,6.0,7th wk 2024.pdf,MH/RGD/2024/07/227
2024,7,Thane,Malaria,vector-borne,5.0,7th wk 2024.pdf,MH/THN/2024/07/228
2024,8,Yavatmal,"68 0 20-02-2024 20-02-2024 Poisoning Control the cases developed the symptoms after having food in a function in the village. They were treated symptomatically. Community awareness and health education given by peripheral team on hygiene and sanitation. Cases were reported from Village Umladang, Sub-District Thadlaskein, District West Jaintia Hills. Cases presented with fever with rash. 7 blood samples were collected and sent to GMC Assam. 3 samples came positive for the Measles IgM by ELISA. District RRT investigated the West Jaintia Under outbreak. Age group of the affected cases were MG/JTH/2024/08/265 Meghalaya Measles",water-borne,23.0,8th wk 2024.pdf,MH/YVT/2024/08/264
2024,10,Kolhapur,Hepatitis A,water-borne,22.0,10th wk 2024.pdf,MH/KOP/2024/10/362
2024,11,Amravati,Malaria,vector-borne,64.0,11th wk 2024 (1).pdf,MH/AMR/2024/11/426
2024,11,Gadchiroli,Malaria,vector-borne,34.0,11th wk 2024 (1).pdf,MH/GAD/2024/11/428
2024,11,Gadchiroli,Malaria,vector-borne,249.0,11th wk 2024 (1).pdf,MH/GAD/2024/11/429
2024,11,Latur,Dengue,vector-borne,5.0,11th wk 2024 (1).pdf,MH/LTR/2024/11/432
2024,11,Osmanabad,Chikungunya,vector-borne,10.0,11th wk 2024 (1).pdf,MH/OSM/2024/11/435
2024,12,Akola,Dengue,vector-borne,26.0,12th wk 2024.pdf,MH/AKL/2024/12/492
2024,12,Akola,Hepatitis A,water-borne,96.0,13th wk 2024.pdf,MH/AKL/2024/12/539
2024,12,Amravati,Dengue,vector-borne,64.0,12th wk 2024.pdf,MH/AMR/2024/12/493
2024,12,Osmanabad,Dengue,vector-borne,6.0,12th wk 2024.pdf,MH/OSM/2024/12/494
2024,12,Pune,Chikungunya,vector-borne,9.0,13th wk 2024.pdf,MH/PNE/2024/12/551
2024,14,Raigad,Dengue,vector-borne,5.0,14th wk 2024.pdf,MH/RGD/2024/14/582
2024,15,Chandrapur,"258 1 14-04-2024 14-04-2024 Poisoning Control Omkar Nagar, Nagpur & water samples were sent to DPHL, Chandrapur. Water samples were found to be potable. District RRT investigated the outbreak. Community awareness and health education given by peripheral team on hygiene and sanitation. Death of an 80 year old male has occurred due to the illness. Cases reported from Nanakpathar & Marotiguda, PHC Jiwati, SC Nagarala. Cases presented with symptoms of fever, weakness, nausea etc. The affected age group was 15-60 years. Total 375 blood smears were sent to RH Under MH/CND/2024/15/636 Maharashtra Chandrapur Malaria",vector-borne,25.0,15th wk 2024.pdf,MH/CND/2024/15/635
2024,15,Kolhapur,Chikungunya,vector-borne,6.0,15th wk 2024.pdf,MH/KOP/2024/15/638
2024,15,Satara,Dengue,vector-borne,5.0,15th wk 2024.pdf,MH/STA/2024/15/656
2024,15,Wardha,Dengue,vector-borne,36.0,15th wk 2024.pdf,MH/WDH/2024/15/642
2024,16,Ahmednagar,Scrub Typhus,vector-borne,14.0,16th wk 2024 (1).pdf,MH/AMN/2024/16/691
2024,16,Kolhapur,Hepatitis A,water-borne,12.0,16th wk 2024 (1).pdf,MH/KOP/2024/16/694
2024,16,Kolhapur,Hepatitis A,water-borne,48.0,16th wk 2024 (1).pdf,MH/KOP/2024/16/695
2024,16,Raigad,Hepatitis A,water-borne,11.0,16th wk 2024 (1).pdf,MH/RGD/2024/16/697
2024,17,Chandrapur,Dengue,vector-borne,6.0,17th wk 2024.pdf,MH/CND/2024/17/664
2024,17,Nagpur,Scrub Typhus,vector-borne,12.0,17th wk 2024.pdf,MH/NGP/2024/17/766
2024,17,Nanded,Dengue,vector-borne,6.0,17th wk 2024.pdf,MH/NDD/2024/17/767
2024,17,Raigad,Dengue,vector-borne,8.0,17th wk 2024.pdf,MH/RGD/2024/17/768
2024,17,Washim,Dengue,vector-borne,11.0,17th wk 2024.pdf,MH/WAS/2024/17/769
2024,17,Yavatmal,Dengue,vector-borne,14.0,17th wk 2024.pdf,MH/YVT/2024/17/793
2024,18,Akola,Dengue,vector-borne,22.0,18th wk 2024.pdf,MH/AKL/2024/18/836
2024,18,Parbhani,Chikungunya,vector-borne,11.0,18th wk 2024.pdf,MH/PRB/2024/18/839
2024,18,Satara,Dengue,vector-borne,10.0,18th wk 2024.pdf,MH/STA/2024/18/841
2024,19,Ahmednagar,Chikungunya,vector-borne,11.0,19th wk 2024(2).pdf,MH/AMN/2024/19/891
2024,19,Wardha,Dengue,vector-borne,9.0,19th wk 2024(2).pdf,MH/WDH/2024/19/904
2024,20,Nanded,"30 0 16-05-2024 16-05-2024 vomitus samples were collected & sent to GMC Poisoning Control Nanded. Food samples were contaminated with Staphylococcus. District RRT investigated the outbreak. Community awareness and health education given by peripheral team on control measures, hygiene and sanitation. Cases reported from Village Jite, PHC Jite, SC Jite, Block Pen. Cases presented with symptoms of fever, weakness etc. Six blood samples were collected & sent to DH Alibag, out of which 4 Under MH/RGD/2024/20/958 Maharashtra Raigad Dengue",vector-borne,24.0,20th wk 2024.pdf,MH/NAN/2024/20/957
2024,20,Nanded,Dengue,vector-borne,7.0,20th wk 2024.pdf,MH/NAN/2024/20/956
2024,20,Satara,Dengue,vector-borne,16.0,20th wk 2024.pdf,MH/STA/2024/20/959
2024,20,Washim,Dengue,vector-borne,6.0,20th wk 2024.pdf,MH/WAS/2024/20/960
2024,21,Akola,Cholera,water-borne,65.0,21st wk 2024.pdf,MH/AKL/2024/21/1013
2024,21,Jalgaon,Cholera,water-borne,89.0,21st wk 2024.pdf,MH/JGA/2024/21/1014
2024,21,Kolhapur,Chikungunya,vector-borne,18.0,21st wk 2024.pdf,MH/KOP/2024/21/1034
2024,21,Nagpur,Dengue,vector-borne,16.0,21st wk 2024.pdf,MH/NAG/2024/21/1015
2024,21,Yavatmal,"18 0 22-05-2024 23-05-2024 Poisoning Control Water samples found fit for potable purpose. District RRT investigated the outbreak. Cases were treated symptomatically. Community awareness and health education given by peripheral team on hygiene and sanitation. Cases were reported from Hills Academy School Khamlang, Village Tarong, Sub-District Kasom Khullen, District Kamjong. Cases presented with fever with maculo- Under papular rashe. District RRT investigated the MN/CHR/2024/21/1018 Manipur Kamjong Chickenpox",air-borne,30.0,21st wk 2024.pdf,MH/YVT/2024/21/1017
2024,22,Gadchiroli,Dengue,vector-borne,48.0,22nd wk 2024.pdf,MH/GAD/2024/22/1087
2024,22,Nanded,Dengue,vector-borne,12.0,22nd wk 2024.pdf,MH/NAN/2024/22/1088
2024,22,Pune,Cholera,water-borne,5.0,22nd wk 2024.pdf,MH/PNE/2024/22/1090
2024,22,Pune,Dengue,vector-borne,7.0,22nd wk 2024.pdf,MH/PNE/2024/22/1089
2024,23,Gadchiroli,Malaria,vector-borne,8.0,23rd wk 2024.pdf,MH/GAD/2024/23/1139
2024,23,Kolhapur,Zika Virus,vector-borne,1.0,23rd wk 2024.pdf,MH/KOP/2024/23/1140
2024,23,Nagpur,Cholera,water-borne,5.0,23rd wk 2024.pdf,MH/NAG/2024/23/1141
2024,23,Thane,Dengue,vector-borne,24.0,23rd wk 2024.pdf,MH/THN/2024/23/1142
2024,24,Bhandara,"3 1 13-06-2024 13-06-2024 Encephalitis Control peripheral team on vector control measures, vector borne disease, hygiene and sanitation. Rapid fever survey was conducted in the village. House to house entomological survey was also conducted in the village. Sanitation campaign and dry day activity conducted in the village. Death of an 8 year old female has occurred due to the illness on 11/06/2024 in AIIMS Nagpur (positive for JE). Cases reported from Village Alondi, Block Korchi, SC Sonpur, PHC Kotgul. Cases presented with symptoms of fever. Total 198 blood smears were examined at PHC Kotgul, out of which one was positive for Malaria Under (P.falciparum) on microscopy. District RRT MH/GAG/2024/24/1215 Maharashtra Gadchiroli Malaria",vector-borne,5.0,24th wk 2024.pdf,MH/BNR/2024/24/1214
2024,24,Nagpur,Chikungunya,vector-borne,40.0,24th wk 2024.pdf,MH/NAG/2024/24/1216
2024,24,Nanded,Dengue,vector-borne,13.0,24th wk 2024.pdf,MH/NAN/2024/24/1217
2024,24,Palghar,Chikungunya,vector-borne,6.0,24th wk 2024.pdf,MH/PLR/2024/24/1218
2024,24,Pune,Cholera,water-borne,81.0,24th wk 2024.pdf,MH/PNE/2024/24/1219
2024,24,Sangli,Dengue,vector-borne,8.0,24th wk 2024.pdf,MH/SGL/2024/24/1220
2024,25,Kolhapur,Dengue,vector-borne,24.0,25th wk 2024.pdf,MH/KOP/2024/25/1287
2024,25,Kolhapur,Hepatitis A,water-borne,35.0,25th wk 2024.pdf,MH/KOP/2024/25/1288
2024,25,Osmanabad,Dengue,vector-borne,14.0,25th wk 2024.pdf,MH/OSM/2024/25/1289
2024,26,Gondia,Pertussis,air-borne,9.0,26th wk 2024.pdf,MH/GOD/2024/26/1336
2024,26,Kolhapur,Chikungunya,vector-borne,7.0,26th wk 2024.pdf,MH/KOP/2024/26/1338
2024,26,Kolhapur,Cholera,water-borne,7.0,26th wk 2024.pdf,MH/KOP/2024/26/1339
2024,26,Kolhapur,Dengue,vector-borne,1.0,26th wk 2024.pdf,MH/KOP/2024/26/1340
2024,26,Nashik,Dengue,vector-borne,5.0,26th wk 2024.pdf,MH/NAS/2024/26/1374
2024,26,Pune,Chikungunya,vector-borne,12.0,26th wk 2024.pdf,MH/PNE/2024/26/1344
2024,26,Pune,Dengue,vector-borne,5.0,26th wk 2024.pdf,MH/PNE/2024/26/1343
2024,26,Pune,Typhoid,water-borne,14.0,26th wk 2024.pdf,MH/PNE/2024/26/1375
2024,26,Pune,Zika Virus,vector-borne,8.0,26th wk 2024.pdf,MH/PNE/2024/26/1342
2024,26,Raigad,Dengue,vector-borne,2.0,26th wk 2024.pdf,MH/RGD/2024/26/1345
2024,26,Raigad,Dengue,vector-borne,84.0,26th wk 2024.pdf,MH/RGD/2024/26/1376
2024,26,Sangli,Cholera,water-borne,50.0,26th wk 2024.pdf,MH/SGL/2024/26/1346
2024,26,Satara,Dengue,vector-borne,7.0,26th wk 2024.pdf,MH/STA/2024/26/1347
2024,26,Washim,Cholera,water-borne,25.0,26th wk 2024.pdf,MH/WAD/2024/26/1348
2024,26,Yavatmal,Dengue,vector-borne,40.0,26th wk 2024.pdf,MH/YVT/2024/26/1349
2024,27,Akola,Cholera,water-borne,18.0,27th wk 2024.pdf,MH/AKL/2024/27/1423
2024,27,Chandrapur,Dengue,vector-borne,24.0,27th wk 2024.pdf,MH/CND/2024/27/1424
2024,27,Pune,Zika Virus,vector-borne,8.0,27th wk 2024.pdf,MH/PNE/2024/27/1426
2024,27,Raigad,Dengue,vector-borne,13.0,27th wk 2024.pdf,MH/RIG/2024/27/1427
2024,28,Gadchiroli,Malaria,vector-borne,3.0,28th wk 2024.pdf,MH/GAD/2024/28/1500
2024,28,Latur,Dengue,vector-borne,7.0,28th wk 2024.pdf,MH/LAT/2024/28/1502
2024,28,Latur,Hepatitis A,water-borne,9.0,28th wk 2024.pdf,MH/LAT/2024/28/1503
2024,28,Pune,Zika Virus,vector-borne,2.0,28th wk 2024.pdf,MH/PNE/2024/28/1504
2024,28,Pune,Zika Virus,vector-borne,3.0,28th wk 2024.pdf,MH/PNE/2024/28/1505
2024,28,Pune,Zika Virus,vector-borne,1.0,28th wk 2024.pdf,MH/PNE/2024/28/1547
2024,28,Raigad,Dengue,vector-borne,1.0,28th wk 2024.pdf,MH/RIG/2024/28/1506
2024,28,Thane,Dengue,vector-borne,2.0,28th wk 2024.pdf,MH/THN/2024/28/1508
2024,28,Washim,Dengue,vector-borne,6.0,28th wk 2024.pdf,MH/WHI/2024/28/1509
2024,28,Yavatmal,Cholera,water-borne,7.0,28th wk 2024.pdf,MH/YVT/2024/28/1511
2024,28,Yavatmal,Cholera,water-borne,30.0,28th wk 2024.pdf,MH/YVT/2024/28/1512
2024,29,Ahmednagar,Zika Virus,vector-borne,3.0,29th wk 2024.pdf,MH/AHM/2024/29/1604
2024,29,Chandrapur,Malaria,vector-borne,30.0,29th wk 2024.pdf,MH/CDP/2024/29/1608
2024,29,Kolhapur,Dysentery,water-borne,98.0,29th wk 2024.pdf,MH/KOP/2024/29/1610
2024,29,Pune,Zika Virus,vector-borne,11.0,29th wk 2024.pdf,MH/PNE/2024/29/1612
2024,29,Pune,Zika Virus,vector-borne,1.0,29th wk 2024.pdf,MH/PNE/2024/29/1613
2024,29,Satara,Dengue,vector-borne,17.0,29th wk 2024.pdf,MH/STR/2024/29/1614
2024,30,Ahmednagar,Cholera,water-borne,6.0,30th wk 2024.pdf,MH/AMN/2024/30/1723
2024,30,Gadchiroli,Malaria,vector-borne,6.0,30th wk 2024.pdf,MH/GDC/2024/30/1725
2024,30,Gadchiroli,Malaria,vector-borne,2.0,30th wk 2024.pdf,MH/GDC/2024/30/1726
2024,30,Gadchiroli,Malaria,vector-borne,4.0,30th wk 2024.pdf,MH/GDC/2024/30/1727
2024,30,Jalgaon,Cholera,water-borne,13.0,30th wk 2024.pdf,MH/JLG/2024/30/1728
2024,30,Nashik,Dengue,vector-borne,3.0,30th wk 2024.pdf,MH/NSK/2024/30/1729
2024,30,Nashik,Dengue,vector-borne,1.0,30th wk 2024.pdf,MH/NSK/2024/30/1730
2024,30,Yavatmal,Cholera,water-borne,8.0,30th wk 2024.pdf,MH/YVT/2024/30/1732
2024,31,Chandrapur,Malaria,vector-borne,2.0,31st wk 2024.pdf,MH/CDP/2024/31/1817
2024,31,Dhule,Dengue,vector-borne,15.0,31st wk 2024.pdf,MH/DHL/2024/31/1818
2024,31,Dhule,Dengue,vector-borne,22.0,31st wk 2024.pdf,MH/DHL/2024/31/1819
2024,31,Nagpur,Dengue,vector-borne,17.0,31st wk 2024.pdf,MH/NGP/2024/31/1820
2024,31,Parbhani,Chikungunya,vector-borne,23.0,31st wk 2024.pdf,MH/PRB/2024/31/1821
2024,31,Pune,Zika Virus,vector-borne,1.0,31st wk 2024.pdf,MH/PUN/2024/31/1822
2024,31,Pune,Zika Virus,vector-borne,9.0,31st wk 2024.pdf,MH/PUN/2024/31/1852
2024,31,Pune,Zika Virus,vector-borne,5.0,31st wk 2024.pdf,MH/PUN/2024/31/1853
2024,31,Pune,Zika Virus,vector-borne,7.0,31st wk 2024.pdf,MH/PUN/2024/31/1854
2024,31,Solapur,Zika Virus,vector-borne,1.0,31st wk 2024.pdf,MH/SLP/2024/31/1824
2024,31,Washim,Chikungunya,vector-borne,19.0,31st wk 2024.pdf,MH/WSM/2024/31/1825
2024,32,Bhandara,Chickenpox,air-borne,18.0,32nd wk 2024.pdf,MH/BND/2024/32/1927
2024,32,Pune,Zika Virus,vector-borne,1.0,32nd wk 2024.pdf,MH/PNE/2024/32/1929
2024,32,Pune,Zika Virus,vector-borne,3.0,32nd wk 2024.pdf,MH/PNE/2024/32/1961
2024,32,Pune,Zika Virus,vector-borne,2.0,32nd wk 2024.pdf,MH/PNE/2024/32/1962
2024,32,Pune,Zika Virus,vector-borne,1.0,32nd wk 2024.pdf,MH/PNE/2024/32/1963
2024,33,Pune,Zika Virus,vector-borne,2.0,33rd wk 2024_Final.pdf,MH/PNE/2024/33/2040
2024,33,Satara,Chikungunya,vector-borne,28.0,33rd wk 2024_Final.pdf,MH/STA/2024/33/2014
2024,34,Pune,Zika Virus,vector-borne,1.0,34th wk 2024 _ Rev.pdf,MH/PNE/2024/34/2113
2024,34,Pune,Zika Virus,vector-borne,1.0,34th wk 2024 _ Rev.pdf,MH/PNE/2024/34/2114
2024,35,Beed,Hepatitis A,water-borne,9.0,35th wk 2024.pdf,MH/BED/2024/35/2153
2024,35,Palghar,Malaria,vector-borne,41.0,35th wk 2024.pdf,MH/PLG/2024/35/2154
2024,35,Pune,Dengue,vector-borne,37.0,35th wk 2024.pdf,MH/PNE/2024/35/2182
2024,36,Kolhapur,Hepatitis A,water-borne,48.0,Revised 36th wk 2024.pdf,MH/KOP/2024/36/2222
2024,36,Nanded,Dengue,vector-borne,7.0,Revised 36th wk 2024.pdf,MH/NAN/2024/36/2223
2024,36,Osmanabad,Dengue,vector-borne,21.0,Revised 36th wk 2024.pdf,MH/OSM/2024/36/2224
2024,36,Thane,Dengue,vector-borne,7.0,Revised 36th wk 2024.pdf,MH/THE/2024/36/2226
2024,36,Thane,Malaria,vector-borne,1.0,Revised 36th wk 2024.pdf,MH/THE/2024/36/2225
2024,36,Thane,Malaria,vector-borne,4.0,Revised 36th wk 2024.pdf,MH/THE/2024/36/2252
2024,37,Gadchiroli,Malaria,vector-borne,5.0,37th wk 2024_Final.pdf,MH/GDC/2024/37/2309
2024,38,Gadchiroli,"1 1 17-09-2024 17-09-2024 (P.falciparum) on RDK. District RRT Typhus Control investigated the outbreak. Community awareness and health education given by peripheral team on vector control measures, hygiene and sanitation. A 25 year old female died on 17-09-2024 at Lloyds Kali Ammal Memorial Hospital Hedri. Cases reported from Village Khandapur, Block Latur, SC Khandapur, PHC Gangapur. Cases presented with fever, weakness, body ache etc. The affected age group was 12-17 years. Total 12 blood samples were collected from Under suspected cases & sent to Adarsh Pathology MH/LAT/2024/38/2338 Maharashtra Latur Hepatitis A",water-borne,65.0,38th wk 2024.pdf,MH/GDC/2024/38/2337
2024,38,Pune,Cholera,water-borne,6.0,38th wk 2024.pdf,MH/PNE/2024/38/2339
2024,38,Pune,Dengue,vector-borne,6.0,38th wk 2024.pdf,MH/PNE/2024/38/2363
2024,39,Beed,Hepatitis A,water-borne,10.0,Final_39th wk 2024.pdf,MH/BED/2024/39/2393
2024,39,Bhandara,"42 0 26-09-2024 26-09-2024 Poisoning Surveillance consumption. District RRT investigated the outbreak. Cases treated symptomatically. Community awareness and health education given by peripheral team on hygiene and sanitation. Cases were reported from Village Gargoti, Sub-District Bhudargad, District Kolhapur. Cases presented with fever, jaundice, and pain abdomen. Total 20 blood samples and 8 water samples were collected and sent to NIV Pune and DPHL. 12 blood samples came positive Under MH/KOP/2024/39/2395 Maharashtra Kolhapur Hepatitis A",water-borne,12.0,Final_39th wk 2024.pdf,MH/BND/2024/39/2394
2024,39,Thane,Cholera,water-borne,7.0,Final_39th wk 2024.pdf,MH/THE/2024/39/2411
2024,39,Thane,Cholera,water-borne,18.0,Final_39th wk 2024.pdf,MH/THE/2024/39/2412
2024,39,Washim,Chikungunya,vector-borne,9.0,Final_39th wk 2024.pdf,MH/WAS/2024/39/2397
2024,40,Gondia,Cholera,water-borne,17.0,40th wk 2024.pdf,MH/GOG/2024/40/2451
2024,40,Latur,"55 0 05-10-2024 06-10-2024 Poisoning Surveillance raw material samples collected & sent to State Public Laboratory, FDA Department, Pune, Latur. District RRT investigated the outbreak. Community awareness and health education given by peripheral team on control measures, hygiene and sanitation. Cases reported from SC Chinchoti, PHC Revdanda, Village Navkhar, Block Alibag. Cases presented with fever. Total 19 samples were sent to NIV Pune, out of which 6 were Under MH/RIG/2024/40/2453 Maharashtra Raigad Chikungunya",vector-borne,19.0,40th wk 2024.pdf,MH/LAT/2024/40/2452
2024,42,Ahmednagar,Cholera,water-borne,8.0,42nd wk 2024.pdf,MH/AMN/2024/42/2562
2024,42,Nanded,Chikungunya,vector-borne,7.0,42nd wk 2024.pdf,MH/NAD/2024/42/2565
2024,42,Parbhani,Chikungunya,vector-borne,6.0,42nd wk 2024.pdf,MH/PRB/2024/42/2567
2024,42,Thane,"10 0 17-10-2024 19-10-2024 Gastroenteritis Surveillance common kitchen. The affected age group was 10-55 years. District RRT investigated the outbreak. Community awareness and health education given by peripheral team on control measures, hygiene and sanitation. Cases reported from Village Vaishakhare, SC Vaishakhare, PHC Moroshi, Block Murbad. Cases presented with fever, body ache and weakness. Total 14 serum samples were sent to Grant Medical College Referral Lab Mumbai, Under out of which 2 were positive for Hepatitis A. MH/THE/2024/42/2569 Maharashtra Thane Hepatitis A",water-borne,6.0,42nd wk 2024.pdf,MH/THE/2024/42/2568
2024,43,Raigad,Hepatitis A,water-borne,37.0,Final_43rd wk 2024 (1).pdf,MH/RIG/2024/43/2633
2024,44,Palghar,Dengue,vector-borne,22.0,44th wk 2024.pdf,MH/PLG/2024/44/2659
2024,45,Ahmednagar,Dengue,vector-borne,23.0,45th wk 2024.pdf,MH/AHM/2024/45/2701
2024,46,Parbhani,Chikungunya,vector-borne,14.0,46th wk 2024.pdf,MH/PRB/2024/46/2750
2024,46,Raigad,Chikungunya,vector-borne,27.0,46th wk 2024.pdf,MH/RIG/2024/46/2751
2024,47,Wardha,Dengue,vector-borne,5.0,Final_47th wk 2024.pdf,MH/WHD/2024/47/2809
2024,48,Amravati,Chikungunya,vector-borne,12.0,48th wk 2024.pdf,MH/AMR/2024/48/2847
2024,48,Nanded,Chikungunya,vector-borne,14.0,48th wk 2024.pdf,MH/NAN/2024/48/2850
2024,48,Pune,Zika Virus,vector-borne,1.0,48th wk 2024.pdf,MH/PNE/2024/48/2852
2024,48,Sindhudurg,Hepatitis A,water-borne,10.0,48th wk 2024.pdf,MH/SIN/2024/48/2853
2024,48,Washim,Dengue,vector-borne,9.0,48th wk 2024.pdf,MH/WAS/2024/48/2854
2024,49,Sangli,Hepatitis A,water-borne,9.0,Final_49th wk 2024.pdf,MH/SAN/2024/49/2887
2024,50,Gadchiroli,Malaria,vector-borne,2.0,50th wk 2024.pdf,MH/GDC/2024/50/2935
2024,52,Osmanabad,Chikungunya,vector-borne,5.0,52nd wk 2024.pdf,MH/OSM/2024/52/3008
2025,1,Satara,Chikungunya,vector-borne,17.0,1st wk 2025.pdf,MH/STR/2025/01/17
2025,3,Amravati,"133 0 12-01-2025 13-01-2025 Poisoning Surveillance potable purpose, while food sample found of substandard quality (Bacillus Cereus detected). District RRT investigated the outbreak. Affected age group was 15-45 years. Cases treated symptomatically. Community awareness and health education given by peripheral team on hygiene and sanitation. Cases were reported from village Koregaon, Sub-District Shegaon, District Buldhana. Cases presented with loose stools and vomiting. 3 water samples were collected and sent DPHL Buldhana. 2 samples found unfit Acute Under for potable purpose, District RRT investigated MH/BLD/2025/03/80 Maharashtra Buldhana Diarrheal",water-borne,12.0,3rd wk 2025.pdf,MH/AMR/2025/03/79
2025,4,Jalgaon,Measles,air-borne,17.0,4th Week 2025.pdf,MH/JAL/2025/04/145
2025,6,Thane,Chikungunya,vector-borne,15.0,Revised 6th wk 2025.pdf,MH/THN/2025/06/224
2025,7,Akola,Typhoid,water-borne,30.0,7th wk 2025_Final.pdf,MH/AKL/2025/07/265
2025,7,Latur,Measles,air-borne,27.0,7th wk 2025_Final.pdf,MH/LAT/2025/07/269
2025,8,Kolhapur,Hepatitis A,water-borne,25.0,8th wk 2025.pdf,MH/KOL/2025/08/329
2025,8,Sangli,"12 0 18-02-2025 20-02-2025 Miraj, out of which 1 was positive for Anti- Hepatitis A Surveillance HAV IgM by ELISA. District RRT investigated the outbreak. Community awareness and health education given by peripheral team on control measures, hygiene and sanitation. Death of a 14 year old female has occurred due to Acute Hepatitis A. Cases were reported from Chondon Nokat Village under Belbari PHC, Betasing Block. Cases presented with fever and maculopapular rashes. The affected age group was 2-12 years. Five blood samples were sent to ICMR- South West Garo Under MG/SWH/2025/08/331 Meghalaya Chickenpox",water-borne,10.0,8th wk 2025.pdf,MH/SAN/2025/08/330
2025,9,Jalgaon,Jaundice,water-borne,12.0,9th wk 2025_Final.pdf,MH/JAL/2025/09/386
2025,9,Sangli,"67 0 24-02-2025 25-02-2025 Poisoning Surveillance academy. District RRT investigated the outbreak. Cases treated symptomatically. Community awareness and health education given by peripheral team on hygiene and sanitation. Cases were reported from Kosak Gandim village, Sub District Kharkutta, District North Garo Hills. Cases presented with fever chills, body aches, nausea, and vomiting. A total of 39 Under samples tested positive for Salmonella typhi by MG/NGH/2025/09/391 Meghalaya North Garo Hills Typhoid",water-borne,39.0,9th wk 2025_Final.pdf,MH/SNG/2025/09/390
2025,9,Sangli,Hepatitis A,water-borne,34.0,9th wk 2025_Final.pdf,MH/SNG/2025/09/389
2025,10,Latur,Chickenpox,air-borne,22.0,10th wk 2025.pdf,MH/LAT/2025/10/431
2025,10,Washim,Chikungunya,vector-borne,7.0,10th wk 2025.pdf,MH/WAS/2025/10/434
2025,11,Jalgaon,Measles,air-borne,3.0,11th wk 2025_Final.pdf,MH/JAL/2025/11/483
2025,12,Kolhapur,Hepatitis A,water-borne,15.0,12th wk 2025.pdf,MH/KOL/2025/12/528
2025,15,Dharashiv,Chikungunya,vector-borne,11.0,73169914541749106418.pdf,MH/DHR/2025/15/644
2025,15,Gondia,"60 0 05-04-2025 07-04-2025 pathogenic organism, one water sample found Poisoning Surveillance unfit for potable purpose. District RRT investigated the outbreak. All the cases developed the symptoms after having food in a social gathering. Cases treated symptomatically. Community awareness and health education given by peripheral team on hygiene and sanitation Cases were reported from James Memorial Higher Secondary School, Umbir, Umiam Village Byndihati, Sub-District Umsning, District Ri Bhoi. Cases presented with fever with rash. District RRT investigated the Under MG/RBH/2025/15/646 Meghalaya Ri Bhoi Chickenpox",air-borne,30.0,73169914541749106418.pdf,MH/GON/2025/15/645
2025,16,Dharashiv,"122 0 17-04-2025 17-04-2025 collected and sent to Solapur lab, all were Poisoning Surveillance negative for any entero-pathogen. Four water samples were sent for testing. Food samples were collected by FDA. District RRT investigated the outbreak. Community awareness and health education given by peripheral team on control measures, hygiene and sanitation. Cases were reported from Krantiveer Mahatma Jyotiba Phule Hospital, Tagore Nagar, Vikhroli. Cases presented with loose motions. All age groups were affected. One water sample was collected and sent to BMC Acute Mumbai Under Municipal Analyst Lab, Dadar, which was MH/MBS/2025/16/691 Maharashtra Diarrheal",water-borne,17.0,16111524191749201952.pdf,MH/DHR/2025/16/690
2025,16,Nanded,"52 0 17-04-2025 18-04-2025 years. Food samples were collected by FDI for Poisoning Surveillance testing. Two vomitus samples were collected and sent to GMC Nanded for testing. District RRT investigated the outbreak. Community awareness and health education given by peripheral team on control measures, hygiene and sanitation. Cases were reported from Nongryngkoh Village under Jatah PHC, Mawkynrew Block. Cases presented with fever and maculopapular Under rashes. The affected age group was 1-28 years. MG/EKH/2025/16/693 Meghalaya East Khasi Hills Chickenpox",water-borne,64.0,16111524191749201952.pdf,MH/NAN/2025/16/692
2025,21,Jalgaon,Dengue,vector-borne,22.0,63892529841752814846.pdf,MH/JAL/2025/21/914
2025,22,Jalgaon,Dengue,vector-borne,16.0,63053630001754370208.pdf,MH/JAL/2025/22/940
2025,22,Thane,Dengue,vector-borne,6.0,63053630001754370208.pdf,MH/THA/2025/22/958
2025,24,Yavatmal,Malaria,vector-borne,4.0,40497724221754048530.pdf,MH/YAV/2025/24/1065
2025,28,Dharashiv,Dengue &,vector-borne,64.0,102422351756882459.pdf,MH/DHA/2025/28/1267
2025,28,Gadchiroli,Malaria,vector-borne,4.0,102422351756882459.pdf,MH/GAD/2025/28/1269
2025,28,Gadchiroli,Malaria,vector-borne,6.0,102422351756882459.pdf,MH/GAD/2025/28/1270
2025,28,Gadchiroli,Malaria,vector-borne,6.0,102422351756882459.pdf,MH/GAD/2025/28/1271
2025,28,Palghar,Malaria,vector-borne,11.0,102422351756882459.pdf,MH/PAL/2025/28/1273
2025,29,Kolhapur,Hepatitis A,water-borne,8.0,59365499701757416180.pdf,MH/KOL/2025/29/1325
2025,35,Jalgaon,Dengue,vector-borne,47.0,46133455371760349558.pdf,MH/JAL/2025/35/1635
2025,40,Chhatrapati,Dengue,vector-borne,17.0,31351332071764654053.pdf,MH/CHH/2025/40/1847
